,#RecordID,PDBFileID,Mutations,DDG,ResidueExposures,DSSPTypes,DSSPSimpleTypes,IndividualDDGs,chain,mutation,position,wildtype,w_prob,m_prob
0,965,107L,A G 44 S,-0.53,0.435294117647,H,H,0.53,A,S,44,G,0.069305,0.110921
1,966,160L,A A 120 M,-0.2,0.070796460177,H,H,0.2,A,M,120,A,0.0103896,0.0448119
2,967,161L,A A 116 N,0.17,0.212389380531,H,H,-0.17,A,N,116,A,0.077231,0.0193815
3,968,162L,A A 122 Q,-0.24,0.389380530973,H,H,0.24,A,Q,122,A,0.101472,0.0824982
4,969,163L,A A 123 Q,-0.22,0.46017699115,T,O,0.22,A,Q,123,A,0.0545357,0.0216126
5,970,164L,A A 119 R,-0.18,0.353982300885,H,H,0.18,A,R,119,A,0.0810524,0.0549155
6,971,165L,A A 117 S,1.27,0.00884955752212,H,H,-1.27,A,S,117,A,0.761433,0.195595
7,972,171L,A A 45 E,0.01,0.141592920354,H,H,-0.01,A,E,45,A,0.218135,0.096706
8,205,1A2P,A Y 103 F,0.0,0.222707423581,T,O,0.0,A,F,103,Y,0.00660225,0.00874426
9,206,1A2P,A T 105 V,2.24,0.575342465753, ,O,2.24,A,V,105,T,0.221927,0.242246
10,207,1A2P,A I 109 A,2.07,0.214285714286, ,O,2.07,A,A,109,I,0.0681202,0.0188144
11,208,1A2P,A I 109 V,0.76,0.214285714286, ,O,0.76,A,V,109,I,0.0681202,0.159007
12,158,1A2P,A V 10 A,3.39,0.0,H,H,3.39,A,A,10,V,0.000836863,0.00459661
13,159,1A2P,A V 10 T,2.48,0.0,H,H,2.48,A,T,10,V,0.000836863,0.00960912
14,209,1A2P,A R 110 A,0.41,0.315352697095, ,O,0.41,A,A,110,R,0.0233508,0.00165268
15,160,1A2P,A D 12 A,0.31,0.529801324503,H,H,0.31,A,A,12,D,3.0628e-07,4.68302e-07
16,211,1A2P,A D 12 G,1.29,0.529801324503,H,H,1.29,A,G,12,D,3.0628e-07,1.63235e-09
17,161,1A2P,A Y 13 A,3.34,0.183406113537,H,H,3.34,A,A,13,Y,0.000608652,0.000383369
18,162,1A2P,A L 14 A,4.32,0.0,H,H,4.32,A,A,14,L,0.0601742,0.028991
19,212,1A2P,A T 16 A,0.27,0.657534246575,H,H,0.27,A,A,16,T,0.020838,0.0277445
20,213,1A2P,A T 16 G,1.66,0.657534246575,H,H,1.66,A,G,16,T,0.020838,0.0887773
21,163,1A2P,A T 16 S,1.68,0.657534246575,H,H,1.68,A,S,16,T,0.020838,0.0401899
22,164,1A2P,A Y 17 A,2.03,0.56768558952,H,H,2.03,A,A,17,Y,0.00484361,0.0603877
23,166,1A2P,A Y 17 G,4.03,0.56768558952,H,H,4.03,A,G,17,Y,0.00484361,0.00589706
24,165,1A2P,A Y 17 S,2.57,0.56768558952,H,H,2.57,A,S,17,Y,0.00484361,0.169162
25,167,1A2P,A N 23 A,2.25,0.0379746835443,T,O,2.25,A,A,23,N,1.71564e-05,2.86454e-07
26,168,1A2P,A Y 24 F,0.02,0.0917030567686,E,S,0.02,A,F,24,Y,6.91806e-08,2.49205e-07
27,169,1A2P,A I 25 A,3.52,0.0879120879121,E,S,3.52,A,A,25,I,0.0226311,0.0438407
28,170,1A2P,A I 25 V,1.12,0.0879120879121,E,S,1.12,A,V,25,I,0.0226311,0.061233
29,174,1A2P,A T 26 A,1.94,0.260273972603, ,O,1.94,A,A,26,T,0.0164448,0.244206
30,173,1A2P,A T 26 G,1.46,0.260273972603, ,O,1.46,A,G,26,T,0.0164448,0.0979683
31,171,1A2P,A T 26 S,0.54,0.260273972603, ,O,0.56,A,S,26,T,0.0164448,0.246053
32,172,1A2P,A T 26 V,2.09,0.260273972603, ,O,2.31,A,V,26,T,0.0164448,0.000721989
33,175,1A2P,A K 27 G,0.44,0.279620853081,H,H,0.44,A,G,27,K,0.0994843,0.00771355
34,214,1A2P,A S 28 A,-0.41,0.655737704918,H,H,-0.41,A,A,28,S,0.0802256,0.911817
35,215,1A2P,A S 28 G,0.45,0.655737704918,H,H,0.45,A,G,28,S,0.0802256,0.000538944
36,178,1A2P,A E 29 A,1.25,0.551912568306,H,H,1.25,A,A,29,E,0.100138,0.0195324
37,176,1A2P,A E 29 G,1.76,0.551912568306,H,H,1.76,A,G,29,E,0.100138,0.00843676
38,177,1A2P,A E 29 S,1.23,0.551912568306,H,H,1.23,A,S,29,E,0.100138,0.0205683
39,216,1A2P,A Q 31 A,-0.1,0.650793650794,H,H,-0.1,A,A,31,Q,0.0683127,0.0512364
40,217,1A2P,A Q 31 G,0.98,0.650793650794,H,H,0.98,A,G,31,Q,0.0683127,0.00638501
41,218,1A2P,A A 32 G,0.9,0.814159292035,H,H,0.91,A,G,32,A,7.298e-08,0.999998
42,179,1A2P,A V 36 A,1.3,0.4125, ,O,1.3,A,A,36,V,0.0106045,0.0667991
43,180,1A2P,A V 36 T,1.15,0.4125, ,O,1.15,A,T,36,V,0.0106045,0.116856
44,181,1A2P,A N 41 D,2.51,0.151898734177, ,O,2.51,A,D,41,N,0.146404,0.352849
45,182,1A2P,A V 45 A,1.75,0.275,H,H,1.75,A,A,45,V,0.000102507,0.000375918
46,183,1A2P,A V 45 T,2.44,0.275,H,H,2.44,A,T,45,V,0.000102507,0.000142628
47,151,1A2P,A I 4 A,1.35,0.351648351648, ,O,1.35,A,A,4,I,0.000243174,0.0148507
48,152,1A2P,A I 4 V,0.6,0.351648351648, ,O,0.6,A,V,4,I,0.000243174,0.000842628
49,185,1A2P,A I 51 A,4.71,0.00549450549451,E,S,4.71,A,A,51,I,3.12133e-12,1.07219e-07
50,184,1A2P,A I 51 V,1.8,0.00549450549451,E,S,1.8,A,V,51,I,3.12133e-12,7.31598e-12
51,186,1A2P,A D 54 A,2.97,0.23178807947,E,S,2.97,A,A,54,D,0.00178416,0.000538844
52,187,1A2P,A D 54 N,0.27,0.23178807947,E,S,2.42,A,N,54,D,0.00178416,0.00411921
53,188,1A2P,A I 55 A,0.27,0.554945054945,E,S,1.15,A,A,55,I,0.00221334,0.126505
54,189,1A2P,A I 55 T,1.15,0.554945054945,E,S,0.6,A,T,55,I,0.00221334,0.0345282
55,190,1A2P,A I 55 V,0.87,0.554945054945,E,S,0.27,A,V,55,I,0.00221334,0.00364922
56,192,1A2P,A N 58 A,2.71,0.183544303797, ,O,2.71,A,A,58,N,0.0673044,0.0781923
57,191,1A2P,A N 58 D,-0.47,0.183544303797, ,O,-0.47,A,D,58,N,0.0673044,0.300449
58,153,1A2P,A N 5 A,1.85,0.170886075949, ,O,1.85,A,A,5,N,0.00168817,0.00152829
59,156,1A2P,A T 6 A,2.15,0.452054794521,S,O,2.15,A,A,6,T,0.0486395,0.0880723
60,155,1A2P,A T 6 G,1.24,0.452054794521,S,O,1.24,A,G,6,T,0.0486395,0.0300474
61,154,1A2P,A T 6 S,0.27,0.452054794521,S,O,0.22,A,S,6,T,0.0486395,0.110153
62,194,1A2P,A I 76 A,1.89,0.0, ,O,1.89,A,A,76,I,0.00454707,0.000234902
63,193,1A2P,A I 76 V,0.82,0.0, ,O,0.82,A,V,76,I,0.00454707,0.00510887
64,195,1A2P,A N 77 A,1.65,0.455696202532,S,O,1.65,A,A,77,N,0.0682945,0.0308356
65,196,1A2P,A Y 78 F,1.35,0.0393013100437, ,O,1.35,A,F,78,Y,0.0117726,0.014397
66,197,1A2P,A N 84 A,2.02,0.278481012658, ,O,2.02,A,A,84,N,0.192426,0.00763134
67,199,1A2P,A I 88 A,4.01,0.0,E,S,4.01,A,A,88,I,1.28996e-06,2.92927e-08
68,198,1A2P,A I 88 V,1.34,0.0,E,S,1.34,A,V,88,I,1.28996e-06,1.13294e-06
69,157,1A2P,A D 8 A,0.89,0.655629139073,H,H,0.89,A,A,8,D,0.000936129,0.000836631
70,210,1A2P,A D 8 G,1.17,0.655629139073,H,H,1.17,A,G,8,D,0.000936129,1.45148e-06
71,200,1A2P,A S 91 A,1.93,0.016393442623,E,S,1.93,A,A,91,S,0.000564138,3.20152e-05
72,201,1A2P,A S 92 A,2.79,0.5,T,O,2.79,A,A,92,S,0.0353045,0.02529
73,202,1A2P,A I 96 A,3.17,0.0,E,S,3.17,A,A,96,I,0.000736452,0.111839
74,203,1A2P,A I 96 V,0.88,0.0,E,S,0.88,A,V,96,I,0.000736452,0.0044053
75,204,1A2P,A T 99 V,2.67,0.00684931506849,E,S,2.67,A,V,99,T,0.0357308,0.00471097
76,814,1ANF,A W 10 A,4.31,0.0926640926641,E,S,4.3,A,A,10,W,0.173319,0.0972119
77,811,1ANF,A A 276 G,1.89,0.0,H,H,1.9,A,G,276,A,0.0497109,0.000916917
78,812,1ANF,A D 55 N,0.0,0.470198675497, ,O,0.0,A,N,55,D,0.110843,0.0849897
79,813,1ANF,A V 8 G,1.1,0.11875,E,S,1.1,A,G,8,V,0.170153,0.000868302
80,38,1AYE,A V 12A A,1.8,0.0,E,S,1.8,A,A,12A,V,0.00172495,4.87051e-07
81,39,1AYE,A E 14A A,0.4,0.306010928962,E,S,0.4,A,A,14A,E,1.36491e-11,1.11581e-07
82,40,1AYE,A I 15A V,0.5,0.010989010989,E,S,0.5,A,V,15A,I,0.0129442,0.0330731
83,41,1AYE,A E 20A G,1.0,0.661202185792,H,H,1.0,A,G,20A,E,0.010046,0.00015349
84,42,1AYE,A I 23A V,0.1,0.032967032967,H,H,0.1,A,V,23A,I,0.000156457,1.30231e-06
85,43,1AYE,A A 31A G,0.5,0.654867256637,H,H,0.5,A,G,31A,A,0.0552963,0.0950044
86,44,1AYE,A D 36A A,0.0,0.0596026490066,E,S,0.0,A,A,36A,D,0.00420934,0.00387828
87,45,1AYE,A K 39A A,2.3,0.289099526066,E,S,2.3,A,A,39A,K,0.0388921,0.0728034
88,46,1AYE,A A 52A G,1.7,0.0,E,S,1.7,A,G,52A,A,0.0254163,0.00408332
89,47,1AYE,A H 53A A,0.8,0.00515463917526,E,S,0.8,A,A,53A,H,0.0578057,0.108145
90,48,1AYE,A V 54A A,1.1,0.0125,E,S,1.1,A,A,54A,V,0.0202054,0.0699839
91,49,1AYE,A N 60A A,0.4,0.246835443038,G,H,0.4,A,A,60A,N,0.0412336,0.00461824
92,50,1AYE,A Q 62A G,0.4,0.825396825397,H,H,0.4,A,G,62A,Q,0.0663678,0.00904005
93,51,1AYE,A V 66A G,0.5,0.4875,H,H,0.5,A,G,66A,V,0.000124575,0.000317503
94,52,1AYE,A F 67A A,1.6,0.311926605505,H,H,1.6,A,A,67A,F,0.000383487,0.00243563
95,53,1AYE,A I 73A V,1.5,0.021978021978, ,O,1.5,A,V,73A,I,0.114336,0.0919606
96,54,1AYE,A I 77A A,1.9,0.357142857143,E,S,1.9,A,A,77A,I,0.0259017,3.00451e-05
97,18,1BF4,A E 12 A,0.3,0.415300546448,E,S,0.29,A,A,12,E,0.100261,0.0623271
98,19,1BF4,A V 15 A,2.29,0.1,E,S,2.29,A,A,15,V,0.0510865,0.0623271
99,20,1BF4,A I 17 A,1.5,0.0164835164835,G,H,1.21,A,A,17,I,0.0077413,0.00834342
100,21,1BF4,A S 18 A,0.13,0.606557377049,G,H,0.13,A,A,18,S,3.9059e-07,4.22854e-06
101,22,1BF4,A V 23 A,0.23,0.00625,E,S,0.23,A,A,23,V,0.0399634,0.0372727
102,23,1BF4,A R 25 A,0.38,0.402489626556,E,S,0.38,A,A,25,R,0.0458434,0.0293731
103,24,1BF4,A I 30 A,2.57,0.0,E,S,2.72,A,A,30,I,0.00389479,0.0784245
104,25,1BF4,A S 31 A,-0.72,0.16393442623,E,S,-0.72,A,A,31,S,0.000697601,0.00073758
105,26,1BF4,A F 32 A,2.7,0.0,E,S,2.31,A,A,32,F,0.00089172,0.121329
106,27,1BF4,A D 35 A,0.54,0.549668874172,E,S,0.54,A,A,35,D,0.0686644,0.0405254
107,28,1BF4,A T 41 A,0.84,0.424657534247,E,S,0.84,A,A,41,T,3.49907e-08,1.04606e-05
108,29,1BF4,A R 43 A,0.56,0.585062240664,E,S,0.56,A,A,43,R,0.138196,0.0244463
109,30,1BF4,A A 45 G,1.27,0.300884955752,E,S,1.27,A,G,45,A,0.273764,0.0214035
110,31,1BF4,A V 46 A,1.63,0.0875,E,S,1.63,A,A,46,V,2.20287e-10,3.2935e-10
111,32,1BF4,A S 47 A,-0.18,0.459016393443,E,S,-0.18,A,A,47,S,0.00906832,0.00166888
112,16,1BF4,A V 4 A,2.12,0.0,E,S,2.12,A,A,4,V,0.0510865,0.0623271
113,33,1BF4,A A 51 G,2.1,0.0796460176991, ,O,2.1,A,G,51,A,0.11291,0.078387
114,34,1BF4,A L 55 A,3.92,0.0,H,H,3.92,A,A,55,L,0.00635185,0.00889392
115,35,1BF4,A L 56 A,1.45,0.233333333333,H,H,1.45,A,A,56,L,1.6239e-09,3.90604e-07
116,36,1BF4,A Q 57 G,0.7,0.439153439153,H,H,0.43,A,G,57,Q,0.0645003,0.00361649
117,37,1BF4,A L 59 A,0.67,0.05,H,H,0.67,A,A,59,L,1.95964e-06,0.654883
118,17,1BF4,A K 7 A,0.27,0.744075829384,E,S,0.27,A,A,7,K,0.0744965,0.0623271
119,373,1BPI,A Y 10 A,1.2,0.38864628821, ,O,1.2,A,A,10,Y,0.0790779,0.0232232
120,369,1BPI,A T 11 A,0.0,0.465753424658, ,O,0.0,A,A,11,T,0.0301712,0.00325224
121,357,1BPI,A P 13 A,1.2,0.454545454545,S,O,1.2,A,A,13,P,0.146416,0.0585855
122,348,1BPI,A K 15 A,0.4,0.881516587678, ,O,0.4,A,A,15,K,0.0574323,0.0254987
123,362,1BPI,A R 17 A,0.3,0.9377593361, ,O,0.3,A,A,17,R,0.0509278,0.0250089
124,346,1BPI,A I 18 A,1.5,0.32967032967,E,S,1.5,A,A,18,I,0.453597,0.00109302
125,347,1BPI,A I 19 A,2.1,0.565934065934,E,S,2.1,A,A,19,I,0.208474,0.011323
126,363,1BPI,A R 1 A,0.5,0.643153526971, ,O,0.5,A,A,1,R,0.0858647,0.00090935
127,364,1BPI,A R 20 A,1.8,0.182572614108,E,S,1.8,A,A,20,R,0.0859852,0.00364473
128,344,1BPI,A F 22 A,2.0,0.119266055046,E,S,2.0,A,A,22,F,0.15852,0.00230019
129,355,1BPI,A N 24 A,2.2,0.259493670886,E,S,2.2,A,A,24,N,0.265888,0.0109428
130,349,1BPI,A K 26 A,0.0,0.995260663507,T,O,0.0,A,A,26,K,0.0776834,0.115
131,352,1BPI,A L 29 A,0.0,0.55,E,S,0.0,A,A,29,L,0.0231544,0.0237005
132,358,1BPI,A P 2 A,1.3,0.41958041958, ,O,1.3,A,A,2,P,0.992095,0.00210333
133,361,1BPI,A Q 31 A,1.0,0.375661375661,E,S,1.0,A,A,31,Q,0.0525674,0.0155781
134,370,1BPI,A T 32 A,0.1,0.595890410959,E,S,0.1,A,A,32,T,0.0377805,0.00321649
135,372,1BPI,A V 34 A,1.2,0.38125,E,S,1.2,A,A,34,V,0.402999,0.00192661
136,374,1BPI,A Y 35 A,1.1,0.0829694323144,E,S,1.1,A,A,35,Y,0.00876714,0.0650636
137,365,1BPI,A R 39 A,0.0,0.821576763485,S,O,0.0,A,A,39,R,0.0486478,0.0310504
138,340,1BPI,A D 3 A,-0.2,0.847682119205,G,H,-0.2,A,A,3,D,0.107248,0.0703319
139,350,1BPI,A K 41 A,0.4,0.492890995261, ,O,0.4,A,A,41,K,0.110445,0.0223438
140,366,1BPI,A R 42 A,0.5,0.688796680498,S,O,0.5,A,A,42,R,0.106527,0.0709656
141,356,1BPI,A N 44 A,3.3,0.132911392405, ,O,3.3,A,A,44,N,0.0335304,0.000252307
142,351,1BPI,A K 46 A,-0.1,0.78672985782,S,O,-0.1,A,A,46,K,0.0195624,0.0428629
143,368,1BPI,A S 47 A,1.6,0.229508196721,S,O,1.6,A,A,47,S,0.201581,0.00240128
144,342,1BPI,A E 49 A,0.2,0.68306010929,H,H,0.2,A,A,49,E,0.212269,0.105859
145,345,1BPI,A F 4 A,3.0,0.0779816513761,G,H,3.0,A,A,4,F,0.291799,0.00302346
146,341,1BPI,A D 50 A,0.4,0.397350993377,H,H,0.4,A,A,50,D,0.514999,0.0598317
147,354,1BPI,A M 52 A,1.7,0.588235294118,H,H,1.7,A,A,52,M,0.0154909,0.0591272
148,367,1BPI,A R 53 A,0.1,0.713692946058,H,H,0.1,A,A,53,R,0.0654074,0.260517
149,371,1BPI,A T 54 A,0.1,0.369863013699,H,H,0.1,A,A,54,T,0.298934,0.041789
150,353,1BPI,A L 6 A,0.6,0.605555555556,G,H,0.6,A,A,6,L,0.201412,0.0122397
151,343,1BPI,A E 7 A,1.5,0.300546448087,S,O,1.5,A,A,7,E,0.17243,0.0633716
152,359,1BPI,A P 8 A,0.3,0.706293706294, ,O,0.3,A,A,8,P,0.693252,0.0606635
153,360,1BPI,A P 9 A,0.8,0.328671328671, ,O,0.8,A,A,9,P,0.749861,0.161572
154,376,1BVC,A M 131 A,2.2,0.0,H,H,2.2,A,A,131,M,0.891347,0.000553675
155,377,1BVC,A V 68 T,0.6,0.2125,H,H,0.6,A,T,68,V,0.177041,0.0655729
156,375,1BVC,A H 93 G,0.01,0.231958762887,I,H,0.01,A,G,93,H,0.0834364,0.0361444
157,79,1CEY,A A 101 G,1.0,0.159292035398,T,O,1.0,A,G,101,A,0.0352847,0.026388
163,84,1CEY,A A 113 G,1.3,0.132743362832,H,H,1.3,A,G,113,A,0.0973556,0.0274045
164,85,1CEY,A A 114 G,0.8,0.592920353982,H,H,0.8,A,G,114,A,0.0127035,0.0030413
167,57,1CEY,A D 12 A,-2.5,0.0596026490066, ,O,-2.5,A,A,12,D,0.0368368,0.0911226
168,58,1CEY,A D 13 A,-2.7,0.390728476821, ,O,-2.7,A,A,13,D,0.0255402,0.00921124
169,59,1CEY,A F 14 A,-0.8,0.389908256881, ,O,-0.8,A,A,14,F,0.00473039,0.056014
185,378,1CEY,A A 48 G,-0.2,0.610619469027,T,O,-0.2,A,G,48,A,0.0404305,0.0470466
186,70,1CEY,A D 57 A,-3.4,0.0794701986755, ,O,-3.3,A,A,57,D,0.115794,0.145645
187,71,1CEY,A P 61 G,0.6,0.251748251748,S,O,0.6,A,G,61,P,0.00145433,0.0375295
188,74,1CEY,A A 74 G,0.3,0.566371681416,H,H,0.3,A,G,74,A,0.0553093,0.0520327
189,379,1CEY,A A 77 G,0.3,1.03539823009,S,O,0.3,A,G,77,A,0.0356825,0.0654594
190,380,1CEY,A A 80 G,-0.6,0.752212389381,T,O,-0.6,A,G,80,A,0.00257788,0.000219297
191,381,1CEY,A A 88 G,-0.1,0.380530973451,S,O,-0.1,A,G,88,A,0.108592,0.0958961
192,382,1CEY,A A 90 G,-0.5,0.345132743363, ,O,-0.5,A,G,90,A,0.0171687,0.0190077
193,78,1CEY,A A 99 G,0.5,0.477876106195,H,H,0.5,A,G,99,A,0.131793,0.0102444
194,383,1CSP,A F 15 A,2.27,0.247706422018,E,S,2.2705544933099997,A,A,15,F,0.0908012,0.00850567
195,384,1CSP,A F 17 A,1.53,0.266055045872,E,S,1.52963671128,A,A,17,F,0.016273,0.00632113
196,385,1CSP,A F 27 A,0.76,0.325688073394,E,S,0.764818355641,A,A,27,F,0.192489,0.000198665
197,386,1CSP,A F 38 A,-0.15,0.743119266055,S,O,-0.14340344168299998,A,A,38,F,0.0236285,0.0430697
198,387,1CYO,A F 35 L,1.87,0.110091743119,T,O,1.86424474187,A,L,35,F,0.725686,0.000829332
199,973,1DYB,A G 131 V,-0.68,0.447058823529,H,H,0.68,A,V,131,G,0.127675,0.00271555
200,391,1DYJ,A T 113 V,1.2,0.00684931506849,E,S,1.2,A,V,113,T,0.798739,0.0170368
201,389,1DYJ,A E 139 Q,0.42,0.431693989071,E,S,0.42,A,Q,139,E,0.117497,0.0770521
202,388,1DYJ,A D 27 N,-1.4,0.112582781457,H,H,-1.4,A,N,27,D,0.0112434,0.0259539
203,390,1DYJ,A P 66 A,-1.3,0.377622377622, ,O,-1.3,A,A,66,P,0.0207255,0.0870587
204,392,1DYJ,A V 75 A,-0.1,0.0625,E,S,-0.1,A,A,75,V,0.978806,4.10504e-06
205,393,1DYJ,A V 88 A,-0.2,0.29375, ,O,-0.2,A,A,88,V,0.353227,0.0172326
206,299,1FKB,A V 101 A,2.75,0.0,E,S,2.75,A,A,101,V,0.417524,2.31216e-08
207,300,1FKB,A L 106 A,2.32,0.188888888889,E,S,2.32,A,A,106,L,0.996362,9.56585e-08
208,273,1FKB,A T 21 A,1.6,0.191780821918,E,S,1.6,A,A,21,T,0.0299928,0.000181322
209,271,1FKB,A T 21 S,1.44,0.191780821918,E,S,1.44,A,S,21,T,0.0299928,0.000188562
210,272,1FKB,A T 21 V,-0.86,0.191780821918,E,S,-0.86,A,V,21,T,0.0299928,0.412667
211,274,1FKB,A V 23 A,2.97,0.05,E,S,2.97,A,A,23,V,0.956286,1.75372e-05
212,275,1FKB,A V 24 A,3.19,0.0,E,S,3.19,A,A,24,V,0.975805,6.30722e-07
213,278,1FKB,A T 27 A,1.97,0.239726027397,E,S,1.97,A,A,27,T,0.2131,0.00553661
214,276,1FKB,A T 27 S,1.49,0.239726027397,E,S,1.49,A,S,27,T,0.2131,0.0141154
215,277,1FKB,A T 27 V,-0.23,0.239726027397,E,S,-0.23,A,V,27,T,0.2131,0.0986454
216,268,1FKB,A V 2 A,2.43,0.1875,E,S,2.43,A,A,2,V,0.848905,0.000441142
217,279,1FKB,A F 36 A,3.54,0.279816513761,E,S,3.54,A,A,36,F,0.116475,0.000457436
218,269,1FKB,A V 4 A,2.78,0.20625,E,S,2.78,A,A,4,V,0.94079,6.83094e-06
219,280,1FKB,A L 50 A,2.57,0.00555555555556,T,O,2.57,A,A,50,L,0.469527,0.000765193
220,281,1FKB,A V 55 A,2.13,0.2,S,O,2.13,A,A,55,V,0.953251,1.45374e-05
221,283,1FKB,A I 56 A,2.48,0.142857142857, ,O,2.48,A,A,56,I,0.0175309,0.0392848
222,282,1FKB,A I 56 T,1.81,0.142857142857, ,O,1.81,A,T,56,I,0.0175309,0.196408
223,284,1FKB,A R 57 A,0.81,0.54356846473,H,H,0.81,A,A,57,R,0.288884,0.00300298
224,285,1FKB,A R 57 G,2.29,0.54356846473,H,H,2.29,A,G,57,R,0.288884,0.000552115
225,286,1FKB,A E 60 A,2.13,0.147540983607,H,H,2.13,A,A,60,E,0.554508,0.0113044
226,287,1FKB,A E 60 G,2.84,0.147540983607,H,H,2.84,A,G,60,E,0.554508,0.00314946
227,288,1FKB,A E 61 A,0.84,0.409836065574,H,H,0.84,A,A,61,E,0.628071,0.00976766
228,289,1FKB,A E 61 G,2.49,0.409836065574,H,H,2.49,A,G,61,E,0.628071,0.00166961
229,290,1FKB,A V 63 A,2.97,0.0,H,H,2.97,A,A,63,V,0.498903,5.26695e-05
230,292,1FKB,A T 75 A,2.6,0.13698630137,E,S,2.6,A,A,75,T,0.0991787,0.00129231
231,291,1FKB,A T 75 V,0.81,0.13698630137,E,S,0.81,A,V,75,T,0.0991787,0.00978876
232,294,1FKB,A I 76 A,3.81,0.0,E,S,3.81,A,A,76,I,0.997826,4.80779e-09
233,293,1FKB,A I 76 V,0.76,0.0,E,S,0.76,A,V,76,I,0.997826,0.00190392
234,270,1FKB,A I 7 V,0.94,0.467032967033,E,S,0.92,A,V,7,I,0.049978,0.0383966
235,296,1FKB,A I 91 A,1.54,0.0549450549451,B,O,1.54,A,A,91,I,0.934468,2.28627e-06
236,295,1FKB,A I 91 V,0.38,0.0549450549451,B,O,0.38,A,V,91,I,0.934468,0.04714
237,297,1FKB,A L 97 A,3.56,0.0,E,S,3.56,A,A,97,L,0.981885,3.66009e-06
238,298,1FKB,A V 98 A,2.16,0.09375,E,S,2.16,A,A,98,V,0.465169,0.00014571
239,233,1FMK,A L 100 A,1.79,0.0333333333333, ,O,1.79,A,A,100,L,0.0333673,0.104609
240,234,1FMK,A S 101 A,0.82,0.508196721311, ,O,0.82,A,A,101,S,4.71731e-05,1.90695e-05
241,235,1FMK,A F 102 A,1.97,0.0504587155963,B,O,1.97,A,A,102,F,0.0194334,0.0034842
242,236,1FMK,A K 103 A,0.44,0.554502369668, ,O,0.44,A,A,103,K,0.0228267,0.00679933
243,237,1FMK,A K 104 A,0.09,0.497630331754,T,O,0.09,A,A,104,K,0.000671371,0.00408622
244,238,1FMK,A E 106 A,1.94,0.0437158469945, ,O,1.94,A,A,106,E,0.016868,0.296238
245,239,1FMK,A R 107 A,0.32,0.643153526971,E,S,0.32,A,A,107,R,0.0010551,0.000354149
246,240,1FMK,A L 108 A,2.26,0.0,E,S,2.26,A,A,108,L,0.00761762,0.0435088
247,241,1FMK,A Q 109 A,0.21,0.206349206349,E,S,0.21,A,A,109,Q,0.0507113,0.169027
248,243,1FMK,A I 110 A,0.32,0.00549450549451,E,S,0.32,A,A,110,I,0.00909797,0.0578217
249,242,1FMK,A I 110 V,0.09,0.00549450549451,E,S,0.09,A,V,110,I,0.00909797,0.0361261
250,244,1FMK,A V 111 A,0.77,0.5875,S,O,0.77,A,A,111,V,0.00236732,0.0841861
251,245,1FMK,A N 112 A,0.2,0.829113924051, ,O,0.2,A,A,112,N,0.0423575,0.100855
252,246,1FMK,A N 113 A,-0.07,0.455696202532, ,O,-0.07,A,A,113,N,0.0423077,0.0386054
253,247,1FMK,A W 118 A,1.29,0.0926640926641,E,S,1.29,A,A,118,W,2.97958e-06,0.000145246
254,248,1FMK,A W 119 A,1.2,0.11583011583,E,S,1.2,A,A,119,W,0.00392584,0.0143595
255,249,1FMK,A L 120 A,1.64,0.6,E,S,1.64,A,A,120,L,0.000734829,0.00283037
256,250,1FMK,A A 121 G,0.92,0.0353982300885,E,S,0.92,A,G,121,A,0.000402165,3.86028e-06
257,251,1FMK,A H 122 A,0.62,0.40206185567,E,S,0.62,A,A,122,H,0.048264,0.0438801
258,252,1FMK,A S 123 A,1.46,0.0,E,S,1.46,A,A,123,S,1.12727e-11,2.8157e-11
259,253,1FMK,A L 124 A,0.61,0.616666666667,T,O,0.61,A,A,124,L,0.00572172,0.0284092
260,254,1FMK,A S 125 A,-0.18,0.622950819672,T,O,-0.18,A,A,125,S,0.024312,0.0245447
261,255,1FMK,A T 126 A,1.79,0.506849315068,T,O,1.79,A,A,126,T,0.0591388,0.0186406
262,256,1FMK,A Q 128 A,0.35,0.661375661376, ,O,0.35,A,A,128,Q,0.033012,0.0244553
263,257,1FMK,A T 129 A,1.11,0.664383561644,E,S,1.11,A,A,129,T,1.34435e-10,3.86199e-08
264,258,1FMK,A Y 131 A,1.52,0.28384279476,E,S,1.52,A,A,131,Y,0.354509,0.0054052
265,259,1FMK,A I 132 A,1.84,0.0,E,S,1.84,A,A,132,I,3.4394e-06,7.39694e-06
266,260,1FMK,A P 133 A,1.36,0.0,E,S,1.36,A,A,133,P,4.21434e-05,1.71439e-05
267,261,1FMK,A S 134 A,-0.24,0.172131147541,G,H,-0.24,A,A,134,S,0.0395659,0.0240346
268,262,1FMK,A N 135 A,0.14,0.386075949367,G,H,0.14,A,A,135,N,0.0183262,0.111089
269,263,1FMK,A Y 136 A,-0.23,0.0305676855895,G,H,-0.23,A,A,136,Y,0.00130594,0.0450614
270,264,1FMK,A V 137 A,1.18,0.075,E,S,1.18,A,A,137,V,0.114403,0.0087161
271,265,1FMK,A A 138 G,0.53,0.0265486725664,E,S,0.53,A,G,138,A,0.00140301,0.000457188
272,266,1FMK,A P 139 A,0.14,0.363636363636,E,S,0.14,A,A,139,P,3.08127e-06,0.000218262
273,267,1FMK,A S 140 A,-0.44,0.254098360656,T,O,-0.44,A,A,140,S,0.156901,0.0346338
274,219,1FMK,A T 85 A,0.64,0.246575342466,E,S,0.64,A,A,85,T,0.170229,0.0510046
275,220,1FMK,A F 86 A,0.84,0.0183486238532,E,S,0.84,A,A,86,F,0.0225668,0.0742548
276,221,1FMK,A V 87 A,1.64,0.175,E,S,1.64,A,A,87,V,0.0194792,0.0325036
277,222,1FMK,A A 88 G,1.0,0.0176991150442,E,S,1.0,A,G,88,A,0.0411081,0.00907631
278,223,1FMK,A L 89 A,1.49,0.188888888889,S,O,1.49,A,A,89,L,7.71525e-21,2.23027e-20
279,224,1FMK,A Y 90 A,0.31,0.25327510917,S,O,0.31,A,A,90,Y,0.000117539,0.00396175
280,225,1FMK,A D 91 A,0.43,0.556291390728, ,O,0.43,A,A,91,D,5.55707e-09,1.52104e-08
281,226,1FMK,A Y 92 A,2.27,0.0349344978166,B,O,2.27,A,A,92,Y,0.00680944,2.80212e-06
282,227,1FMK,A Y 92 F,0.18,0.0349344978166,B,O,0.18,A,F,92,Y,0.00680944,0.0023395
283,228,1FMK,A S 94 A,-0.52,0.377049180328, ,O,-0.52,A,A,94,S,0.00608061,0.00335723
284,229,1FMK,A R 95 A,0.07,0.132780082988, ,O,0.07,A,A,95,R,0.0401362,0.00702227
285,230,1FMK,A T 96 A,-0.06,0.22602739726,S,O,-0.06,A,A,96,T,0.00873095,0.0084947
286,231,1FMK,A T 98 A,0.01,0.595890410959,S,O,0.01,A,A,98,T,0.0448454,0.169798
287,232,1FMK,A D 99 A,0.56,0.0794701986755,B,O,0.56,A,A,99,D,0.119633,0.0263689
288,396,1FXA,A R 42 A,2.4,0.327800829876,S,O,2.4,A,A,42,R,0.234279,0.00274928
289,397,1FXA,A T 48 A,-0.1,0.253424657534,T,O,-0.1,A,A,48,T,0.105102,0.0772724
290,395,1FXA,A F 65 A,1.0,0.376146788991,S,O,1.0,A,A,65,F,0.0632269,0.154359
291,394,1FXA,A E 94 Q,-0.6,0.344262295082,G,H,-0.6,A,Q,94,E,0.136982,0.187015
292,404,1HFZ,A Y 103 A,2.39,0.183406113537,G,H,2.39005736138,A,A,103,Y,0.0131343,0.0580947
293,398,1HFZ,A H 107 A,0.79,0.0773195876289,H,H,0.788718929254,A,A,107,H,0.0130284,0.0943926
294,400,1HFZ,A Q 117 A,0.96,0.714285714286,G,H,0.956022944551,A,A,117,Q,0.0620334,0.0515078
295,399,1HFZ,A H 32 A,2.13,0.417525773196,H,H,2.12715105163,A,A,32,H,0.15252,0.0166524
296,402,1HFZ,A V 42 A,0.93,0.3875,E,S,0.932122370937,A,A,42,V,0.360757,0.000516102
297,403,1HFZ,A V 42 G,1.15,0.3875,E,S,1.14722753346,A,G,42,V,0.360757,3.53502e-05
298,401,1HFZ,A Q 54 A,0.41,0.0793650793651,T,O,0.406309751434,A,A,54,Q,2.84333e-07,2.20494e-07
299,823,1HTI,A Q 179 A,-0.1,0.666666666667,H,H,-0.1,A,A,179,Q,0.0668684,0.0431662
300,822,1HTI,A K 193 A,-1.0,0.492890995261,H,H,-1.0,A,A,193,K,0.205221,0.0444036
301,885,1HZ6,A L 10 A,3.12,0.00555555555556,E,S,3.12,A,A,10,L,0.0079884,0.000290303
302,886,1HZ6,A I 11 A,1.37,0.296703296703,E,S,1.37,A,A,11,I,1.79536e-05,0.410522
303,887,1HZ6,A I 11 V,0.47,0.296703296703,E,S,0.47,A,V,11,I,1.79536e-05,0.000440806
304,888,1HZ6,A F 12 A,3.12,0.0871559633028, ,O,3.12,A,A,12,F,0.00651245,0.00312925
305,889,1HZ6,A F 12 L,0.68,0.0871559633028, ,O,0.68,A,L,12,F,0.00651245,0.05105
306,890,1HZ6,A N 14 A,1.78,0.835443037975,T,O,1.78,A,A,14,N,0.180763,0.0206931
307,891,1HZ6,A S 16 A,0.3,0.450819672131, ,O,0.3,A,A,16,S,0.141264,0.198583
308,892,1HZ6,A T 17 A,1.17,0.705479452055,E,S,1.17,A,A,17,T,0.00217861,0.000685804
309,893,1HZ6,A T 19 A,1.11,0.541095890411,E,S,1.11,A,A,19,T,0.0365244,0.183522
310,894,1HZ6,A E 21 A,0.59,0.590163934426,E,S,0.59,A,A,21,E,0.272647,0.0561682
311,895,1HZ6,A F 22 A,4.25,0.151376146789,E,S,4.25,A,A,22,F,0.0019026,0.00191672
312,896,1HZ6,A F 22 L,3.12,0.151376146789,E,S,3.12,A,L,22,F,0.0019026,0.00346806
313,897,1HZ6,A K 23 A,1.13,0.630331753555,E,S,0.88,A,A,23,K,0.00539937,0.0735917
314,898,1HZ6,A T 25 A,1.25,0.253424657534,S,O,1.25,A,A,25,T,0.00108748,0.0011079
315,899,1HZ6,A F 26 G,3.08,0.229357798165,H,H,3.08,A,G,26,F,0.00822279,0.00153442
316,900,1HZ6,A F 26 L,0.38,0.229357798165,H,H,0.38,A,L,26,F,0.00822279,0.0155417
317,901,1HZ6,A K 28 G,-0.16,0.554502369668,H,H,-0.16,A,G,28,K,2.73272e-05,1.44539e-05
318,902,1HZ6,A A 29 G,2.54,0.0,H,H,2.54,A,G,29,A,0.00246989,0.000324932
319,903,1HZ6,A T 30 A,1.09,0.109589041096,H,H,1.09,A,A,30,T,0.0298834,0.00391052
320,904,1HZ6,A S 31 A,-0.41,0.647540983607,H,H,-0.41,A,A,31,S,0.0160514,0.0136136
321,905,1HZ6,A S 31 G,0.82,0.647540983607,H,H,0.82,A,G,31,S,0.0160514,0.00270601
322,906,1HZ6,A E 32 G,1.19,0.366120218579,H,H,1.19,A,G,32,E,0.000503006,0.000514267
323,907,1HZ6,A A 33 G,3.1,0.00884955752212,H,H,3.1,A,G,33,A,0.000916861,9.23687e-05
324,908,1HZ6,A Y 34 G,2.82,0.240174672489,H,H,2.82,A,G,34,Y,0.0127121,0.0826212
325,909,1HZ6,A A 35 G,1.32,0.469026548673,H,H,1.32,A,G,35,A,0.00909797,0.000804829
326,910,1HZ6,A Y 36 A,2.46,0.331877729258,H,H,2.46,A,A,36,Y,4.5926e-05,0.765802
327,911,1HZ6,A A 37 G,3.12,0.0,H,H,3.12,A,G,37,A,0.00918636,0.00194924
328,912,1HZ6,A D 38 A,1.21,0.456953642384,H,H,1.21,A,A,38,D,0.101506,0.184419
329,913,1HZ6,A D 38 G,2.14,0.456953642384,H,H,2.14,A,G,38,D,0.101506,0.0232567
330,914,1HZ6,A T 39 G,0.17,0.602739726027,H,H,0.17,A,G,39,T,0.0107816,0.00744803
331,915,1HZ6,A L 40 A,2.44,0.138888888889,T,O,2.44,A,A,40,L,2.70561e-07,0.782804
332,916,1HZ6,A K 41 A,-0.58,0.327014218009,H,H,-0.58,A,A,41,K,0.0135164,0.0353639
333,917,1HZ6,A K 42 A,-0.35,0.905213270142,H,H,-0.35,A,A,42,K,0.108045,0.0398878
334,918,1HZ6,A N 44 A,0.34,0.316455696203,H,H,0.34,A,A,44,N,0.00217071,0.000154431
335,919,1HZ6,A E 46 A,0.23,0.699453551913, ,O,0.23,A,A,46,E,0.187973,0.0231743
336,920,1HZ6,A T 48 A,0.97,0.630136986301,E,S,0.97,A,A,48,T,5.26028e-13,6.39747e-09
337,921,1HZ6,A V 49 A,0.92,0.2875,E,S,0.92,A,A,49,V,0.0287545,0.061487
338,878,1HZ6,A V 4 A,1.22,0.14375,E,S,1.22,A,A,4,V,0.0453839,0.0195772
339,922,1HZ6,A D 50 A,0.2,0.754966887417,E,S,0.2,A,A,50,D,0.000484409,0.00131964
340,923,1HZ6,A V 51 A,1.14,0.55,E,S,1.14,A,A,51,V,0.0353286,0.0264964
341,924,1HZ6,A A 52 G,0.49,0.29203539823,E,S,0.49,A,G,52,A,2.28909e-05,7.70338e-10
342,925,1HZ6,A K 54 A,0.09,0.843601895735,G,H,0.09,A,A,54,K,0.0961033,0.0020884
343,926,1HZ6,A Y 56 A,1.66,0.384279475983,T,O,1.66,A,A,56,Y,0.000637983,0.0129086
344,927,1HZ6,A Y 56 L,-0.43,0.384279475983,T,O,-0.43,A,L,56,Y,0.000637983,0.00335734
345,928,1HZ6,A T 57 A,1.83,0.0958904109589,E,S,1.83,A,A,57,T,0.0125614,0.0324226
346,929,1HZ6,A L 58 A,3.77,0.0166666666667,E,S,3.77,A,A,58,L,2.97843e-08,9.74854e-08
347,930,1HZ6,A N 59 A,1.73,0.291139240506,E,S,1.73,A,A,59,N,0.0288796,0.00818962
348,879,1HZ6,A T 5 A,1.63,0.280821917808,E,S,1.63,A,A,5,T,0.0324982,0.128478
349,931,1HZ6,A I 60 A,4.72,0.0,E,S,4.72,A,A,60,I,0.00308344,0.00367185
350,932,1HZ6,A I 60 V,1.69,0.0,E,S,1.69,A,V,60,I,0.00308344,0.0313425
351,933,1HZ6,A K 61 A,0.45,0.327014218009,E,S,0.45,A,A,61,K,0.0454434,0.000381208
352,934,1HZ6,A F 62 L,3.34,0.0,E,S,3.34,A,L,62,F,0.0108394,0.0395672
353,880,1HZ6,A I 6 A,4.9,0.0,E,S,4.9,A,A,6,I,0.239125,0.012522
354,881,1HZ6,A I 6 V,0.56,0.0,E,S,0.56,A,V,6,I,0.239125,0.136475
355,882,1HZ6,A K 7 A,0.92,0.374407582938,E,S,0.92,A,A,7,K,0.00440613,0.00135578
356,883,1HZ6,A A 8 G,2.43,0.00884955752212,E,S,2.43,A,G,8,A,0.00942497,0.00070856
357,884,1HZ6,A N 9 A,1.87,0.215189873418,E,S,1.87,A,A,9,N,1.4926e-05,9.85605e-07
358,408,1IFC,A L 64 A,2.07,0.122222222222,T,O,2.07,A,A,64,L,0.994483,5.02794e-07
359,409,1IFC,A L 64 G,2.63,0.122222222222,T,O,2.63,A,G,64,L,0.994483,1.13167e-07
360,410,1IOB,A K 97 G,1.2,0.398104265403,G,H,1.2,A,G,97,K,0.0877484,0.0213386
361,411,1IOB,A T 9 A,0.8,0.0342465753425,E,S,0.8,A,A,9,T,0.909561,0.000108514
362,412,1IOB,A T 9 G,2.6,0.0342465753425,E,S,2.6,A,G,9,T,0.909561,2.12187e-05
363,974,1L00,A A 105 Q,-0.6,0.371681415929,H,H,0.6,A,Q,105,A,0.117202,0.0351178
364,975,1L02,A A 157 T,-0.5,0.274336283186,S,O,0.5,A,T,157,A,0.0464016,0.207915
365,976,1L08,A G 157 T,-1.1,0.270588235294,S,O,1.1,A,T,157,G,0.119053,0.21331
366,977,1L21,A G 55 N,-0.6,0.552941176471,S,O,0.6,A,N,55,G,0.988917,0.00483964
367,978,1L22,A G 124 K,-0.1,0.364705882353,T,O,0.1,A,K,124,G,0.161392,0.150715
368,979,1L23,A A 77 G,0.4,0.0884955752212,H,H,-0.4,A,G,77,A,0.0974179,0.00787387
369,980,1L33,A A 131 V,0.39,0.495575221239,H,H,-0.39,A,V,131,A,0.135973,0.00978894
370,981,1L60,A A 113 G,0.3,0.734513274336,T,O,-0.3,A,G,113,A,0.0302834,0.0233064
371,759,1L63,A I 100 A,3.4,0.043956043956,H,H,3.4,A,A,100,I,0.57035,6.18323e-05
372,755,1L63,A F 104 A,3.1,0.155963302752,H,H,3.1,A,A,104,F,0.319006,0.00581062
373,777,1L63,A M 106 A,2.3,0.254901960784,H,H,2.3,A,A,106,M,0.0898474,0.0115785
374,801,1L63,A V 111 A,1.3,0.0,H,H,1.3,A,A,111,V,0.974267,0.000102744
375,792,1L63,A T 115 A,0.14,0.568493150685,H,H,0.14,A,A,115,T,0.0860963,0.0598534
376,780,1L63,A N 116 A,-0.17,0.550632911392,H,H,-0.17,A,A,116,N,0.0515717,0.119
377,790,1L63,A S 117 A,-1.27,0.00819672131148,H,H,-1.27,A,A,117,S,0.255131,0.587474
378,766,1L63,A L 118 A,3.5,0.0722222222222,H,H,3.5,A,A,118,L,0.993028,1.909e-06
379,789,1L63,A R 119 A,0.18,0.497925311203,H,H,0.18,A,A,119,R,0.0947298,0.0621935
380,778,1L63,A M 120 A,0.2,0.122549019608,H,H,0.2,A,A,120,M,0.118572,0.00232845
381,767,1L63,A L 121 A,2.3,0.0111111111111,H,H,2.3,A,A,121,L,0.998898,2.00522e-08
382,787,1L63,A Q 122 A,0.24,0.492063492063,H,H,0.24,A,A,122,Q,0.0709113,0.145683
383,788,1L63,A Q 123 A,0.22,0.449735449735,T,O,0.22,A,A,123,Q,0.0175788,0.0366696
384,805,1L63,A V 149 T,2.8,0.0,H,H,2.8,A,T,149,V,0.683266,0.16927
385,793,1L63,A T 151 S,-0.39,0.260273972603,H,H,-0.39,A,S,151,T,0.0261016,0.0133535
386,756,1L63,A F 153 A,3.8,0.00917431192661,H,H,3.8,A,A,153,F,0.652814,0.000409112
387,757,1L63,A F 153 L,-0.3,0.00917431192661,H,H,-0.3,A,L,153,F,0.652814,0.00207366
388,760,1L63,A I 17 A,2.7,0.0989010989011,E,S,2.7,A,A,17,I,0.991075,1.03092e-07
389,752,1L63,A D 20 A,0.3,0.324503311258, ,O,0.3,A,A,20,D,0.381565,0.00872677
390,799,1L63,A T 26 S,-0.57,0.0205479452055,E,S,-0.57,A,S,26,T,0.706219,0.0936882
391,761,1L63,A I 27 A,3.1,0.0,E,S,3.1,A,A,27,I,0.999002,4.0496e-09
392,762,1L63,A I 29 A,2.6,0.021978021978,T,O,2.6,A,A,29,I,0.88387,6.08461e-06
393,769,1L63,A L 33 A,3.6,0.0777777777778,E,S,3.6,A,A,33,L,0.99922,2.93222e-09
394,770,1L63,A L 39 A,0.9,0.394444444444,H,H,0.9,A,A,39,L,0.47366,0.00340208
395,739,1L63,A N 40 A,-0.32,0.753164556962,H,H,-0.32,A,A,40,N,0.050208,0.0779256
396,783,1L63,A N 40 D,-0.44,0.753164556962,H,H,-0.44,A,D,40,N,0.050208,0.148335
397,735,1L63,A K 43 A,1.03,0.222748815166,H,H,1.03,A,A,43,K,0.185833,0.00472814
398,745,1L63,A S 44 A,-0.34,0.606557377049,H,H,-0.34,A,A,44,S,0.0735139,0.0898046
399,791,1L63,A S 44 G,0.53,0.606557377049,H,H,0.53,A,G,44,S,0.0735139,0.304902
400,729,1L63,A E 45 A,-0.01,0.377049180328,H,H,-0.01,A,A,45,E,0.175617,0.0329095
401,737,1L63,A L 46 A,1.86,0.0,H,H,1.86,A,A,46,L,0.664648,9.14218e-06
402,727,1L63,A D 47 A,0.95,0.245033112583,H,H,0.95,A,A,47,D,0.556999,0.0179935
403,736,1L63,A K 48 A,0.56,0.658767772512,H,H,0.56,A,A,48,K,0.299299,0.104921
404,763,1L63,A I 50 A,2.0,0.203296703297,H,H,2.0,A,A,50,I,0.136388,0.00652615
405,764,1L63,A I 58 A,3.2,0.021978021978, ,O,3.2,A,A,58,I,0.998228,1.59494e-11
406,746,1L63,A T 59 A,1.5,0.465753424658, ,O,1.5,A,A,59,T,0.739981,0.00137725
407,747,1L63,A T 59 G,1.6,0.465753424658, ,O,1.6,A,G,59,T,0.739981,0.000650809
408,800,1L63,A T 59 S,0.2,0.465753424658, ,O,0.2,A,S,59,T,0.739981,0.165381
409,748,1L63,A T 59 V,1.5,0.465753424658, ,O,1.5,A,V,59,T,0.739981,0.0001113
410,771,1L63,A L 66 A,3.9,0.0166666666667,H,H,3.9,A,A,66,L,0.767629,0.00252357
411,758,1L63,A F 67 A,1.9,0.0596330275229,H,H,1.9,A,A,67,F,0.881778,8.63247e-05
412,784,1L63,A N 68 A,0.05,0.569620253165,H,H,-0.05,A,A,68,N,0.0333872,0.0788253
413,779,1L63,A M 6 A,1.9,0.0,H,H,1.9,A,A,6,M,0.0401283,0.00359572
414,806,1L63,A V 71 A,1.5,0.03125,H,H,1.5,A,A,71,V,0.331385,4.69251e-06
415,807,1L63,A V 75 T,1.3,0.2125,H,H,1.3,A,T,75,V,0.193742,0.0206775
416,765,1L63,A I 78 A,1.6,0.0,H,H,1.6,A,A,78,I,0.993532,1.44108e-08
417,772,1L63,A L 7 A,2.6,0.0,H,H,2.6,A,A,7,L,0.974756,2.42707e-07
418,773,1L63,A L 84 A,3.9,0.0,H,H,3.9,A,A,84,L,0.999948,6.81552e-12
419,808,1L63,A V 87 A,1.7,0.01875,H,H,1.7,A,A,87,V,0.569637,0.0021466
420,809,1L63,A V 87 T,1.6,0.01875,H,H,1.6,A,T,87,V,0.569637,0.154136
421,774,1L63,A L 91 A,3.1,0.0333333333333,S,O,3.1,A,A,91,L,0.998664,2.24892e-09
422,728,1L63,A D 92 N,1.4,0.370860927152, ,O,1.4,A,N,92,D,0.997718,0.00148425
423,810,1L63,A V 94 A,1.8,0.16875,H,H,1.8,A,A,94,V,0.271701,0.000871684
424,775,1L63,A L 99 A,4.5,0.0,H,H,4.5,A,A,99,L,0.987922,7.481e-09
425,776,1L63,A L 99 G,6.3,0.0,H,H,6.3,A,G,99,L,0.987922,5.05366e-10
426,982,1L65,A A 47 D,-0.95,0.203539823009,H,H,0.95,A,D,47,A,0.0294115,0.538948
427,983,1L66,A A 43 K,-1.03,0.221238938053,H,H,1.03,A,K,43,A,0.0010044,0.248358
428,984,1L67,A A 46 L,-1.86,0.0176991150442,H,H,1.86,A,L,46,A,0.00936125,0.000151685
429,985,1L68,A A 44 S,0.34,0.495575221239,H,H,-0.34,A,S,44,A,0.115041,0.097755
430,986,1L69,A A 133 L,-4.3,0.0619469026549,H,H,4.3,A,L,133,A,0.053891,0.0113229
431,987,1L85,A A 153 F,-3.8,0.0619469026549,H,H,3.8,A,F,153,A,0.120667,0.0298973
432,988,1L90,A A 99 L,-4.5,0.141592920354,H,H,4.5,A,L,99,A,0.000250534,0.197539
433,989,1L99,A G 105 Q,-1.5,0.529411764706,H,H,1.5,A,Q,105,G,0.0784531,0.0201846
434,413,1LMB,4 M 40 A,2.1,0.117647058824,H,H,2.1,4,A,40,M,0.0268963,0.0623271
435,414,1LMB,4 P 78 A,1.6,0.48951048951,H,H,1.6,4,A,78,P,1.89203e-05,0.0108472
436,990,1LYH,A G 59 T,-1.6,0.270588235294, ,O,1.6,A,T,59,G,0.0350243,0.204974
437,991,1LYJ,A A 59 T,-1.5,0.345132743363, ,O,1.5,A,T,59,A,0.0295102,0.211709
438,415,1MJC,A F 18 L,1.0,0.266055045872,E,S,1.0,A,L,18,F,4.48421e-13,1.24948e-10
439,416,1MJC,A F 20 L,0.31,0.270642201835,E,S,0.31,A,L,20,F,3.64154e-08,0.000686316
440,417,1MJC,A F 31 L,0.66,0.334862385321,E,S,0.66,A,L,31,F,8.92586e-06,0.000540373
441,938,1PGA,A T 11 A,0.6,0.965753424658,S,O,0.6,A,A,11,T,0.0842102,0.0696071
442,939,1PGA,A E 15 A,0.47,0.628415300546,E,S,0.47,A,A,15,E,0.0755766,0.00101164
443,940,1PGA,A T 16 A,0.38,0.308219178082,E,S,0.38,A,A,16,T,0.217153,0.0147563
444,941,1PGA,A T 18 A,0.46,0.212328767123,E,S,0.46,A,A,18,T,0.192937,0.0143647
445,942,1PGA,A A 20 G,2.39,0.070796460177, ,O,2.39,A,G,20,A,0.32316,0.0347456
446,943,1PGA,A D 22 A,1.75,0.483443708609,S,O,1.75,A,A,22,D,0.703674,0.00178384
447,944,1PGA,A T 25 A,-0.22,0.404109589041,H,H,-0.22,A,A,25,T,0.192229,0.0532915
448,945,1PGA,A A 26 G,2.96,0.0,H,H,2.96,A,G,26,A,0.93385,0.00026261
449,946,1PGA,A K 28 G,0.05,0.516587677725,H,H,0.05,A,G,28,K,0.127781,0.0416231
450,947,1PGA,A V 29 A,0.7,0.35625,H,H,0.7,A,A,29,V,0.0418201,0.0499197
451,948,1PGA,A F 30 L,1.42,0.0183486238532,H,H,1.42,A,L,30,F,0.285272,0.0413283
452,949,1PGA,A K 31 G,2.02,0.308056872038,H,H,2.02,A,G,31,K,0.222596,0.00646127
453,950,1PGA,A Q 32 G,1.0,0.656084656085,H,H,1.0,A,G,32,Q,0.154428,0.0129052
454,951,1PGA,A Y 33 A,0.92,0.366812227074,H,H,0.92,A,A,33,Y,0.0514835,0.0527435
455,952,1PGA,A A 34 G,2.48,0.00884955752212,H,H,2.48,A,G,34,A,0.179273,0.00300873
456,953,1PGA,A N 35 G,2.5,0.670886075949,H,H,2.5,A,G,35,N,0.0521879,0.0835832
457,954,1PGA,A N 37 A,-0.17,0.5,T,O,-0.17,A,A,37,N,0.0918229,0.00667424
458,955,1PGA,A V 39 A,1.72,0.04375, ,O,1.72,A,A,39,V,0.171735,1.12609e-05
459,935,1PGA,A Y 3 L,1.62,0.0174672489083,E,S,1.62,A,L,3,Y,0.386196,0.000237607
460,956,1PGA,A G 41 A,2.84,0.270588235294, ,O,2.84,A,A,41,G,1.0,2.60587e-12
461,957,1PGA,A Y 45 L,3.34,0.323144104803,E,S,3.34,A,L,45,Y,0.286724,0.00276149
462,958,1PGA,A D 46 A,1.74,0.516556291391,E,S,1.74,A,A,46,D,0.782254,0.000728722
463,959,1PGA,A D 47 A,-0.49,0.58940397351,T,O,-0.49,A,A,47,D,0.724524,0.01244
464,960,1PGA,A T 49 A,0.72,0.568493150685,T,O,0.72,A,A,49,T,0.291945,0.0202776
465,961,1PGA,A T 51 A,1.87,0.116438356164,E,S,1.87,A,A,51,T,0.680313,0.000551411
466,962,1PGA,A F 52 L,3.54,0.0229357798165,E,S,3.54,A,L,52,F,0.826307,4.23464e-05
467,963,1PGA,A T 53 A,1.91,0.253424657534,E,S,1.91,A,A,53,T,0.293656,0.0130679
468,964,1PGA,A V 54 A,2.93,0.00625,E,S,2.93,A,A,54,V,0.86767,0.000456444
469,936,1PGA,A I 6 A,2.09,0.32967032967,E,S,2.09,A,A,6,I,0.11991,0.00329324
470,937,1PGA,A L 7 A,1.85,0.0333333333333,E,S,1.85,A,A,7,L,0.0318824,0.0150155
471,419,1QHE,A H 34 A,0.83,0.20618556701,E,S,0.83,A,A,34,H,0.0609209,0.0470035
472,420,1QHE,A Y 47 F,0.59,0.131004366812, ,O,0.59,A,F,47,Y,0.01241,0.0114497
473,418,1QHE,A F 7 L,0.04,0.0,E,S,0.04,A,L,7,F,0.384583,2.80415e-05
474,840,1REX,A V 100 A,0.26,0.0,T,O,0.262906309751,A,A,100,V,0.615869,0.000745028
475,835,1REX,A I 106 A,0.93,0.0494505494505,G,H,0.932122370937,A,A,106,I,0.982384,3.88702e-06
476,828,1REX,A I 106 V,0.72,0.0494505494505,G,H,0.717017208413,A,V,106,I,0.982384,0.0119436
477,841,1REX,A V 110 A,-0.53,0.49375,H,H,-0.525812619503,A,A,110,V,0.0358829,0.0669182
478,855,1REX,A T 11 A,-0.38,0.109589041096,H,H,-0.3824091778,A,A,11,T,0.574354,0.00101535
479,856,1REX,A T 11 V,-0.31,0.109589041096,H,H,-0.310707457,A,V,11,T,0.574354,0.0291718
480,842,1REX,A V 121 A,1.44,0.10625, ,O,1.4340344168299999,A,A,121,V,0.63238,0.000388579
481,849,1REX,A Y 124 F,0.36,0.0917030567686,G,H,0.358508604207,A,F,124,Y,0.331784,0.135928
482,843,1REX,A V 125 A,1.32,0.1375,T,O,1.31453154876,A,A,125,V,0.719044,0.000277729
483,844,1REX,A Y 20 F,0.5,0.257641921397,B,O,0.501912045889,A,F,20,Y,0.436323,0.327663
484,830,1REX,A I 23 A,2.54,0.0769230769231,B,O,2.53346080306,A,A,23,I,0.70889,0.00014607
485,824,1REX,A I 23 V,0.36,0.0769230769231,B,O,0.358508604207,A,V,23,I,0.70889,0.235045
486,850,1REX,A S 24 A,0.53,0.377049180328, ,O,0.5258126195,A,A,24,S,0.254542,0.0521788
487,836,1REX,A V 2 A,1.51,0.50625,B,O,1.5057361376700003,A,A,2,V,0.303741,0.00124668
488,851,1REX,A S 36 A,1.12,0.16393442623,H,H,1.1233269598,A,A,36,S,0.919575,0.0596579
489,845,1REX,A Y 38 F,0.19,0.100436681223,T,O,0.19120458891,A,F,38,Y,0.312796,0.263891
490,857,1REX,A T 40 A,1.51,0.013698630137,T,O,1.5057361377,A,A,40,T,0.598285,0.0246851
491,858,1REX,A T 40 V,1.34,0.013698630137,T,O,1.3384321224,A,V,40,T,0.598285,0.0713478
492,859,1REX,A T 43 A,0.36,0.472602739726,E,S,0.3585086042,A,A,43,T,0.15575,0.00462445
493,860,1REX,A T 43 V,-0.96,0.472602739726,E,S,-0.9560229445999999,A,V,43,T,0.15575,0.0414796
494,846,1REX,A Y 45 F,-0.07,0.563318777293,E,S,-0.0717017208413,A,F,45,Y,0.0457957,0.0283509
495,852,1REX,A S 51 A,0.24,0.0,E,S,0.2390057361,A,A,51,S,0.760494,0.158654
496,861,1REX,A T 52 A,0.91,0.0547945205479,E,S,0.9082217973000001,A,A,52,T,0.284173,0.00419589
497,847,1REX,A Y 54 F,0.96,0.113537117904,E,S,0.956022944551,A,F,54,Y,0.379467,0.245856
498,831,1REX,A I 56 A,3.71,0.010989010989,T,O,3.70458891013,A,A,56,I,0.97881,7.2249e-07
499,863,1REX,A I 56 L,0.1,0.010989010989,T,O,0.0956022944551,A,L,56,I,0.97881,0.000860554
500,864,1REX,A I 56 M,1.77,0.010989010989,T,O,1.7686424474200002,A,M,56,I,0.97881,0.00321371
501,829,1REX,A I 56 T,3.64,0.010989010989,T,O,3.6328871892900003,A,T,56,I,0.97881,7.61755e-05
502,825,1REX,A I 56 V,1.2,0.010989010989,T,O,1.19502868069,A,V,56,I,0.97881,0.016594
503,832,1REX,A I 59 A,1.72,0.010989010989,E,S,1.7208413001900003,A,A,59,I,0.987142,2.40155e-07
504,833,1REX,A I 59 G,3.83,0.010989010989,E,S,3.8240917782,A,G,59,I,0.987142,4.94966e-09
505,865,1REX,A I 59 L,0.0,0.010989010989,E,S,0.0,A,L,59,I,0.987142,0.00450153
506,866,1REX,A I 59 M,1.29,0.010989010989,E,S,1.29063097514,A,M,59,I,0.987142,0.000829231
507,867,1REX,A I 59 S,3.59,0.010989010989,E,S,3.5850860420699995,A,S,59,I,0.987142,1.13938e-07
508,868,1REX,A I 59 T,2.22,0.010989010989,E,S,2.2227533460799997,A,T,59,I,0.987142,0.000114298
509,826,1REX,A I 59 V,1.1,0.010989010989,E,S,1.09942638623,A,V,59,I,0.987142,0.007206
510,853,1REX,A S 61 A,1.36,0.0,T,O,1.362332696,A,A,61,S,0.641535,0.275236
511,848,1REX,A Y 63 F,0.24,0.528384279476,T,O,0.239005736138,A,F,63,Y,0.0327183,0.025904
512,862,1REX,A T 70 V,0.69,0.0821917808219,S,O,0.6931166348000001,A,V,70,T,0.963681,0.0174279
513,837,1REX,A V 74 A,0.36,0.5875, ,O,0.358508604207,A,A,74,V,0.0173659,0.0298219
514,854,1REX,A S 80 A,-0.48,0.55737704918,B,O,-0.47801147229999996,A,A,80,S,0.317031,0.0858524
515,834,1REX,A I 89 A,2.7,0.0384615384615, ,O,2.7007648183599997,A,A,89,I,0.961871,2.97298e-09
516,827,1REX,A I 89 V,0.48,0.0384615384615, ,O,0.478011472275,A,V,89,I,0.961871,0.0379498
517,838,1REX,A V 93 A,0.74,0.01875,H,H,0.7409177820270001,A,A,93,V,0.99542,7.6699e-07
518,839,1REX,A V 99 A,0.98,0.0125,H,H,0.979923518164,A,A,99,V,0.50199,5.99258e-05
519,434,1RN1,B Y 11 F,2.11,0.0218340611354,E,S,2.11,B,F,11,Y,0.477737,0.466899
520,431,1RN1,B S 12 A,1.23,0.286885245902, ,O,1.23,B,A,12,S,0.0844263,0.000189992
521,432,1RN1,B S 17 A,-0.67,0.508196721311,H,H,-0.67,B,A,17,S,0.121678,0.150394
522,425,1RN1,B N 36 A,-0.03,0.550632911392,T,O,-0.03,B,A,36,N,0.0827824,0.0631089
523,430,1RN1,B P 39 A,4.33,0.0629370629371,S,O,4.33,B,A,39,P,0.999994,1.64347e-06
524,435,1RN1,B Y 42 F,-1.14,0.0305676855895,E,S,-1.14,B,F,42,Y,0.278969,0.559455
525,426,1RN1,B N 44 A,2.0,0.170886075949, ,O,2.0,B,A,44,N,0.0286381,0.00286943
526,427,1RN1,B N 44 D,2.0,0.170886075949, ,O,2.0,B,D,44,N,0.0286381,0.0044704
527,421,1RN1,B D 49 A,0.5,1.04635761589, ,O,0.5,B,A,49,D,4.97926e-05,5.93482e-05
528,436,1RN1,B Y 56 F,0.78,0.100436681223,E,S,0.78,B,F,56,Y,0.768572,0.206628
529,437,1RN1,B Y 57 F,0.5,0.122270742358,E,S,0.5,B,F,57,Y,0.000626826,0.000218156
530,424,1RN1,B E 58 A,0.64,0.0710382513661,E,S,0.64,B,A,58,E,0.00744251,0.00133009
531,433,1RN1,B S 64 A,1.44,0.672131147541,T,O,1.44,B,A,64,S,0.00080913,0.000537719
532,438,1RN1,B Y 68 F,1.36,0.0436681222707, ,O,1.36,B,F,68,Y,0.00454761,0.00775601
533,422,1RN1,B D 76 A,3.7,0.0132450331126,E,S,3.7,B,A,76,D,0.000373424,0.000543401
534,423,1RN1,B D 76 N,2.87,0.0132450331126,E,S,2.87,B,N,76,D,0.000373424,0.0016305
535,428,1RN1,B N 81 A,2.87,0.00632911392405,E,S,2.87,B,A,81,N,0.0186883,0.236789
536,429,1RN1,B N 9 A,0.9,0.23417721519,E,S,0.9,B,A,9,N,0.0689745,0.10904
537,439,1SHF,A E 107 A,1.27,0.109289617486, ,O,1.27,A,A,107,E,0.000168294,0.000530324
538,440,1SHF,A E 107 Q,0.74,0.109289617486, ,O,0.74,A,Q,107,E,0.000168294,8.77907e-05
541,1,1SHG,A A 11 G,1.4,0.0176991150442,E,S,2.4,A,G,11,A,0.0288115,0.00890037
542,2,1SHG,A V 23 A,2.0,0.0125, ,O,2.0,A,A,23,V,6.29931e-07,0.000165431
543,3,1SHG,A T 24 A,1.1,0.383561643836, ,O,1.1,A,A,24,T,0.0138306,0.0451027
544,4,1SHG,A M 25 A,2.5,0.0147058823529,B,O,3.0,A,A,25,M,0.00949629,0.00104204
545,5,1SHG,A D 29 A,1.2,0.35761589404, ,O,1.2,A,A,29,D,0.000751123,5.36929e-05
546,6,1SHG,A K 43 A,1.0,0.303317535545,E,S,1.0,A,A,43,K,0.0265936,0.0891291
547,7,1SHG,A V 44 A,3.4,0.0,E,S,3.4,A,A,44,V,0.0403652,0.0233814
548,8,1SHG,A V 46 A,0.9,0.10625,E,S,0.9,A,A,46,V,2.73773e-23,5.39185e-14
549,14,1SHG,A N 47 A,0.3,0.930379746835,T,O,0.310707457,A,A,47,N,0.0620445,0.0071544
550,15,1SHG,A N 47 G,-0.4,0.930379746835,T,O,-0.4,A,G,47,N,0.0620445,0.000958343
551,9,1SHG,A D 48 G,-1.4,0.748344370861,T,O,-1.4,A,G,48,D,3.87343e-05,5.39773e-08
552,10,1SHG,A F 52 A,2.7,0.256880733945,E,S,2.7,A,A,52,F,0.0296171,0.0818796
553,11,1SHG,A V 53 A,2.2,0.0,E,S,2.2,A,A,53,V,0.59872,0.000242082
554,12,1SHG,A A 55 G,2.0,0.12389380531,G,H,2.0,A,G,55,A,0.0101811,0.00115736
556,586,1STN,A N 100 A,5.2,0.0,H,H,5.2,A,A,100,N,0.0470687,0.106368
557,587,1STN,A N 100 G,5.1,0.0,H,H,5.1,A,G,100,N,0.0470687,0.015829
558,467,1STN,A E 101 A,1.9,0.229508196721,H,H,1.9,A,A,101,E,0.160074,0.0355949
559,468,1STN,A E 101 G,3.1,0.229508196721,H,H,3.1,A,G,101,E,0.160074,0.0197505
560,443,1STN,A A 102 G,1.3,0.150442477876,H,H,1.3,A,G,102,A,8.47818e-13,1.0
561,559,1STN,A L 103 A,4.6,0.0,H,H,4.6,A,A,103,L,0.99341,7.70191e-07
562,659,1STN,A V 104 A,2.9,0.0,H,H,2.9,A,A,104,V,2.14581e-07,0.795414
563,660,1STN,A V 104 T,2.5,0.0,H,H,2.5,A,T,104,V,2.14581e-07,0.000489999
564,619,1STN,A R 105 A,1.4,0.307053941909,H,H,1.4,A,A,105,R,0.0456071,0.0111573
565,620,1STN,A R 105 G,2.4,0.307053941909,H,H,2.4,A,G,105,R,0.0456071,0.0035932
566,609,1STN,A Q 106 A,-0.1,0.433862433862,T,O,-0.1,A,A,106,Q,0.000298191,7.53731e-06
567,610,1STN,A Q 106 G,1.5,0.433862433862,T,O,1.5,A,G,106,Q,0.000298191,7.65896e-09
568,560,1STN,A L 108 A,5.8,0.0444444444444,S,O,5.8,A,A,108,L,0.063655,0.0197939
569,444,1STN,A A 109 G,1.0,0.0, ,O,1.0,A,G,109,A,0.000195163,2.10209e-07
570,469,1STN,A E 10 A,1.3,0.136612021858,E,S,1.3,A,A,10,E,0.13278,0.000798581
571,470,1STN,A E 10 G,1.8,0.136612021858,E,S,1.8,A,G,10,E,0.13278,0.00042922
572,515,1STN,A K 110 A,1.3,0.497630331754,E,S,1.3,A,A,110,K,0.112013,0.0223814
573,516,1STN,A K 110 G,2.7,0.497630331754,E,S,2.7,A,G,110,K,0.112013,0.00604223
574,661,1STN,A V 111 A,4.2,0.09375,E,S,4.2,A,A,111,V,0.00477857,0.0450066
575,662,1STN,A V 111 G,4.9,0.09375,E,S,4.9,A,G,111,V,0.00477857,0.00197885
576,663,1STN,A V 111 T,2.3,0.09375,E,S,2.3,A,T,111,V,0.00477857,0.0128393
577,445,1STN,A A 112 G,0.0,0.132743362832, ,O,0.0,A,G,112,A,0.0006615,2.62619e-05
578,684,1STN,A Y 113 A,0.0,0.768558951965, ,O,0.0,A,A,113,Y,0.00297596,0.000601027
579,685,1STN,A Y 113 F,0.0,0.768558951965, ,O,0.0,A,F,113,Y,0.00297596,0.0012788
580,686,1STN,A Y 113 G,0.3,0.768558951965, ,O,0.3,A,G,113,Y,0.00297596,0.00195224
581,687,1STN,A Y 113 L,-0.2,0.768558951965, ,O,-0.2,A,L,113,Y,0.00297596,0.162346
582,664,1STN,A V 114 A,0.0,0.1625, ,O,0.0,A,A,114,V,0.00636444,0.0403319
583,665,1STN,A V 114 G,0.2,0.1625, ,O,0.2,A,G,114,V,0.00636444,0.0292894
584,666,1STN,A V 114 T,0.3,0.1625, ,O,0.3,A,T,114,V,0.00636444,0.0406819
585,688,1STN,A Y 115 A,0.3,0.71615720524,B,O,0.3,A,A,115,Y,0.000729889,0.0447194
586,689,1STN,A Y 115 F,0.1,0.71615720524,B,O,0.1,A,F,115,Y,0.000729889,0.000550393
587,690,1STN,A Y 115 G,0.7,0.71615720524,B,O,0.7,A,G,115,Y,0.000729889,0.000707797
588,691,1STN,A Y 115 L,0.3,0.71615720524,B,O,0.3,A,L,115,Y,0.000729889,0.000476076
589,517,1STN,A K 116 A,-0.7,0.810426540284,T,O,-0.7,A,A,116,K,0.140038,0.00176257
590,518,1STN,A K 116 G,-1.0,0.810426540284,T,O,-1.0,A,G,116,K,0.140038,0.000238993
591,597,1STN,A P 117 A,-0.8,0.41958041958,T,O,-0.8,A,A,117,P,6.17327e-06,0.000334361
592,598,1STN,A P 117 G,-0.9,0.41958041958,T,O,-0.9,A,G,117,P,6.17327e-06,2.06708e-05
593,588,1STN,A N 118 A,2.1,0.0569620253165,B,O,2.1,A,A,118,N,0.0329169,0.108839
594,589,1STN,A N 118 D,2.4,0.0569620253165,B,O,2.4,A,D,118,N,0.0329169,0.296551
595,590,1STN,A N 118 G,1.9,0.0569620253165,B,O,1.9,A,G,118,N,0.0329169,0.0478264
596,591,1STN,A N 119 A,1.3,0.227848101266, ,O,1.3,A,A,119,N,0.0326041,0.0350221
597,592,1STN,A N 119 G,1.3,0.227848101266, ,O,1.3,A,G,119,N,0.0326041,0.0130343
598,599,1STN,A P 11 A,0.4,0.734265734266,E,S,0.4,A,A,11,P,0.000215181,0.100795
599,600,1STN,A P 11 G,1.0,0.734265734266,E,S,1.0,A,G,11,P,0.000215181,0.00370311
600,635,1STN,A T 120 A,1.2,0.321917808219,T,O,1.2,A,A,120,T,4.44665e-09,3.77043e-09
601,636,1STN,A T 120 G,2.1,0.321917808219,T,O,2.1,A,G,120,T,4.44665e-09,2.84755e-11
602,637,1STN,A T 120 V,1.8,0.321917808219,T,O,1.8,A,V,120,T,4.44665e-09,3.76689e-09
603,494,1STN,A H 121 A,3.1,0.19587628866,T,O,3.1,A,A,121,H,0.0231798,0.0224737
604,495,1STN,A H 121 G,4.2,0.19587628866,T,O,4.2,A,G,121,H,0.0231798,0.00905096
605,471,1STN,A E 122 A,0.4,0.196721311475,H,H,0.4,A,A,122,E,0.297325,0.16463
606,472,1STN,A E 122 G,2.2,0.196721311475,H,H,2.2,A,G,122,E,0.297325,0.025732
607,611,1STN,A Q 123 A,0.4,0.619047619048,H,H,0.4,A,A,123,Q,0.00519664,0.722885
608,612,1STN,A Q 123 G,0.6,0.619047619048,H,H,0.6,A,G,123,Q,0.00519664,0.00162882
609,496,1STN,A H 124 A,-0.4,0.489690721649,H,H,-0.4,A,A,124,H,0.00153971,0.00377418
610,497,1STN,A H 124 G,0.5,0.489690721649,H,H,0.5,A,G,124,H,0.00153971,0.000773575
611,561,1STN,A L 125 A,4.9,0.0,H,H,4.9,A,A,125,L,0.00577379,0.0365513
612,621,1STN,A R 126 A,1.7,0.369294605809,H,H,1.7,A,A,126,R,0.054533,0.0127115
613,622,1STN,A R 126 G,2.9,0.369294605809,H,H,2.9,A,G,126,R,0.054533,0.00103776
614,519,1STN,A K 127 A,-0.2,0.682464454976,H,H,-0.2,A,A,127,K,4.54259e-07,0.406848
615,520,1STN,A K 127 G,0.7,0.682464454976,H,H,0.7,A,G,127,K,4.54259e-07,0.00204512
616,629,1STN,A S 128 A,-0.7,0.0983606557377,H,H,-0.7,A,A,128,S,0.00566019,0.00366076
617,630,1STN,A S 128 G,1.6,0.0983606557377,H,H,1.6,A,G,128,S,0.00566019,0.000681176
618,473,1STN,A E 129 A,2.4,0.0983606557377,H,H,2.4,A,A,129,E,0.127411,0.0767525
619,474,1STN,A E 129 G,3.8,0.0983606557377,H,H,3.8,A,G,129,E,0.127411,0.005843
620,446,1STN,A A 12 G,2.4,0.106194690265,E,S,2.4,A,G,12,A,0.227819,0.00195471
621,447,1STN,A A 130 G,1.1,0.477876106195,H,H,1.1,A,G,130,A,0.021307,0.00461325
622,613,1STN,A Q 131 A,0.2,0.333333333333,H,H,0.2,A,A,131,Q,0.0402792,0.0247162
623,614,1STN,A Q 131 G,2.4,0.333333333333,H,H,2.4,A,G,131,Q,0.0402792,0.0825333
624,448,1STN,A A 132 G,3.7,0.0,H,H,3.7,A,G,132,A,0.00407174,0.000593746
625,521,1STN,A K 133 A,1.4,0.407582938389,H,H,1.4,A,A,133,K,0.0392674,0.0475714
626,522,1STN,A K 133 G,3.3,0.407582938389,H,H,3.3,A,G,133,K,0.0392674,0.0482465
627,523,1STN,A K 134 A,-0.1,0.729857819905,H,H,-0.1,A,A,134,K,0.00381471,0.000355908
628,524,1STN,A K 134 G,0.7,0.729857819905,H,H,0.7,A,G,134,K,0.00381471,0.000115408
629,475,1STN,A E 135 A,0.7,0.469945355191,T,O,0.7,A,A,135,E,0.00311352,0.00189663
630,476,1STN,A E 135 G,1.7,0.469945355191,T,O,1.7,A,G,135,E,0.00311352,7.24498e-05
631,525,1STN,A K 136 A,0.9,0.701421800948,T,O,0.9,A,A,136,K,0.100962,0.132069
632,526,1STN,A K 136 G,0.2,0.701421800948,T,O,0.2,A,G,136,K,0.100962,0.0447086
640,638,1STN,A T 13 A,0.7,0.671232876712,E,S,0.7,A,A,13,T,0.0377273,0.00157575
641,639,1STN,A T 13 G,1.1,0.671232876712,E,S,1.1,A,G,13,T,0.0377273,0.00146175
642,640,1STN,A T 13 V,0.4,0.671232876712,E,S,0.4,A,V,13,T,0.0377273,0.0333999
645,564,1STN,A L 14 A,2.3,0.255555555556,E,S,2.3,A,A,14,L,0.000451052,0.0177839
646,565,1STN,A L 14 G,3.7,0.255555555556,E,S,3.7,A,G,14,L,0.000451052,0.00893761
647,505,1STN,A I 15 A,2.7,0.395604395604,E,S,2.7,A,A,15,I,4.03778e-08,0.0160335
648,506,1STN,A I 15 G,3.3,0.395604395604,E,S,3.3,A,G,15,I,4.03778e-08,0.97225
649,507,1STN,A I 15 V,0.8,0.395604395604,E,S,0.8,A,V,15,I,4.03778e-08,5.48065e-08
650,527,1STN,A K 16 A,0.2,0.54028436019,E,S,0.2,A,A,16,K,0.0125292,0.0302019
651,528,1STN,A K 16 G,0.7,0.54028436019,E,S,0.7,A,G,16,K,0.0125292,0.0341026
652,449,1STN,A A 17 G,0.3,0.12389380531,E,S,0.3,A,G,17,A,0.000844412,3.7403e-06
653,508,1STN,A I 18 A,2.5,0.236263736264,E,S,2.5,A,A,18,I,0.0842139,0.0114279
654,509,1STN,A I 18 G,2.5,0.236263736264,E,S,2.5,A,G,18,I,0.0842139,0.00103945
655,510,1STN,A I 18 V,1.1,0.236263736264,E,S,1.1,A,V,18,I,0.0842139,0.488636
656,455,1STN,A D 19 A,0.1,0.0198675496689,E,S,0.1,A,A,19,D,0.0445818,0.0182387
657,456,1STN,A D 19 G,0.5,0.0198675496689,E,S,0.5,A,G,19,D,0.0445818,0.00354938
658,457,1STN,A D 21 A,-0.7,0.0331125827815,T,O,-0.7,A,A,21,D,0.0136022,0.00475935
659,458,1STN,A D 21 G,-0.3,0.0331125827815,T,O,-0.3,A,G,21,D,0.0136022,0.0035402
660,641,1STN,A T 22 A,1.6,0.0616438356164,E,S,1.6,A,A,22,T,0.022378,0.00103783
661,642,1STN,A T 22 G,2.4,0.0616438356164,E,S,2.4,A,G,22,T,0.022378,0.000492124
662,643,1STN,A T 22 V,0.9,0.0616438356164,E,S,0.9,A,V,22,T,0.022378,0.103007
663,667,1STN,A V 23 A,2.9,0.0125,E,S,2.9,A,A,23,V,0.00367904,0.0238654
664,668,1STN,A V 23 G,5.6,0.0125,E,S,5.6,A,G,23,V,0.00367904,0.0296523
665,669,1STN,A V 23 T,3.2,0.0125,E,S,3.2,A,T,23,V,0.00367904,0.015539
666,529,1STN,A K 24 A,0.2,0.388625592417,E,S,0.2,A,A,24,K,0.0090894,0.00390923
667,530,1STN,A K 24 G,1.2,0.388625592417,E,S,1.2,A,G,24,K,0.0090894,0.823529
668,566,1STN,A L 25 A,2.7,0.0,E,S,2.7,A,A,25,L,0.0210189,0.0441043
669,567,1STN,A L 25 G,4.5,0.0,E,S,4.5,A,G,25,L,0.0210189,0.00342079
670,578,1STN,A M 26 A,1.5,0.328431372549,E,S,1.5,A,A,26,M,0.00315027,0.212718
671,579,1STN,A M 26 G,2.2,0.328431372549,E,S,2.2,A,G,26,M,0.00315027,0.0191557
672,692,1STN,A Y 27 A,2.8,0.109170305677,E,S,2.8,A,A,27,Y,0.0337598,0.00705488
673,693,1STN,A Y 27 F,0.6,0.109170305677,E,S,0.6,A,F,27,Y,0.0337598,0.017175
674,694,1STN,A Y 27 G,5.1,0.109170305677,E,S,5.1,A,G,27,Y,0.0337598,0.00306608
675,695,1STN,A Y 27 L,1.5,0.109170305677,E,S,1.5,A,L,27,Y,0.0337598,0.0783923
676,531,1STN,A K 28 A,0.7,0.744075829384,T,O,0.7,A,A,28,K,0.0982074,0.0004148
677,532,1STN,A K 28 G,0.7,0.744075829384,T,O,0.7,A,G,28,K,0.0982074,2.80105e-05
678,615,1STN,A Q 30 A,0.3,0.613756613757,E,S,0.3,A,A,30,Q,0.0179632,0.00246563
679,616,1STN,A Q 30 G,0.9,0.613756613757,E,S,0.9,A,G,30,Q,0.0179632,0.000243251
680,601,1STN,A P 31 A,0.5,0.531468531469,E,S,0.5,A,A,31,P,1.88872e-08,1.80212e-07
681,602,1STN,A P 31 G,1.6,0.531468531469,E,S,1.6,A,G,31,P,1.88872e-08,1.80994e-09
682,580,1STN,A M 32 A,1.7,0.191176470588,E,S,1.7,A,A,32,M,0.132237,0.029967
683,581,1STN,A M 32 G,2.4,0.191176470588,E,S,2.4,A,G,32,M,0.132237,0.005126
684,644,1STN,A T 33 A,1.4,0.27397260274,E,S,1.4,A,A,33,T,0.000800244,0.000548102
685,645,1STN,A T 33 G,2.5,0.27397260274,E,S,2.5,A,G,33,T,0.000800244,0.00120756
686,646,1STN,A T 33 V,-0.4,0.27397260274,E,S,-0.4,A,V,33,T,0.000800244,0.000161054
687,489,1STN,A F 34 A,3.7,0.0,E,S,3.7,A,A,34,F,1.308e-06,5.95373e-05
688,623,1STN,A R 35 A,1.4,0.136929460581,E,S,1.4,A,A,35,R,0.042089,0.016632
689,624,1STN,A R 35 G,2.2,0.136929460581,E,S,2.2,A,G,35,R,0.042089,0.00612147
690,568,1STN,A L 36 A,3.5,0.0111111111111,E,S,3.5,A,A,36,L,0.000266708,0.0277256
691,569,1STN,A L 36 G,5.3,0.0111111111111,E,S,5.3,A,G,36,L,0.000266708,0.00211431
692,570,1STN,A L 37 A,1.7,0.0777777777778,T,O,1.7,A,A,37,L,5.80204e-10,1.74059e-05
693,571,1STN,A L 37 G,3.8,0.0777777777778,T,O,3.8,A,G,37,L,5.80204e-10,3.23146e-08
694,572,1STN,A L 38 A,1.7,0.0611111111111,T,O,1.7,A,A,38,L,0.115675,0.000472702
695,573,1STN,A L 38 G,0.6,0.0611111111111,T,O,0.6,A,G,38,L,0.115675,0.000479499
696,670,1STN,A V 39 A,2.2,0.0,E,S,2.2,A,A,39,V,0.00275612,7.33172e-06
697,671,1STN,A V 39 G,4.7,0.0,E,S,4.7,A,G,39,V,0.00275612,1.11598e-06
698,672,1STN,A V 39 T,1.3,0.0,E,S,1.3,A,T,39,V,0.00275612,0.854388
699,459,1STN,A D 40 A,-0.2,0.509933774834,E,S,-0.2,A,A,40,D,0.0610244,0.0211337
700,460,1STN,A D 40 G,0.5,0.509933774834,E,S,0.5,A,G,40,D,0.0610244,0.0110206
701,647,1STN,A T 41 A,0.0,0.0616438356164, ,O,0.0,A,A,41,T,0.00669046,0.016574
702,648,1STN,A T 41 G,2.0,0.0616438356164, ,O,2.0,A,G,41,T,0.00669046,0.00732733
703,649,1STN,A T 41 V,-0.8,0.0616438356164, ,O,-0.8,A,V,41,T,0.00669046,0.000330321
704,603,1STN,A P 42 A,-0.1,0.111888111888, ,O,-0.1,A,A,42,P,0.249076,0.11058
705,604,1STN,A P 42 G,0.4,0.111888111888, ,O,0.4,A,G,42,P,0.249076,0.0314911
706,477,1STN,A E 43 A,-0.3,0.262295081967, ,O,-0.3,A,A,43,E,0.166083,0.0528926
707,478,1STN,A E 43 G,-0.5,0.262295081967, ,O,-0.5,A,G,43,E,0.166083,0.0293675
708,650,1STN,A T 44 A,0.4,0.198630136986,S,O,0.4,A,A,44,T,0.0672663,0.0185681
709,651,1STN,A T 44 G,0.6,0.198630136986,S,O,0.6,A,G,44,T,0.0672663,0.0105638
710,652,1STN,A T 44 V,-0.1,0.198630136986,S,O,-0.1,A,V,44,T,0.0672663,0.0245701
711,533,1STN,A K 45 A,-0.3,0.57345971564,S,O,-0.3,A,A,45,K,8.31534e-05,5.1732e-05
712,534,1STN,A K 45 G,-0.2,0.57345971564,S,O,-0.2,A,G,45,K,8.31534e-05,0.999078
713,498,1STN,A H 46 A,0.5,0.216494845361,B,O,0.5,A,A,46,H,0.00044527,0.00074027
714,499,1STN,A H 46 G,0.4,0.216494845361,B,O,0.4,A,G,46,H,0.00044527,7.52887e-06
715,605,1STN,A P 47 A,0.6,0.804195804196,T,O,0.6,A,A,47,P,7.96522e-05,0.00450524
716,606,1STN,A P 47 G,0.1,0.804195804196,T,O,0.1,A,G,47,P,7.96522e-05,0.000428268
717,535,1STN,A K 48 A,-0.1,0.947867298578,T,O,-0.1,A,A,48,K,0.094538,0.0812253
718,536,1STN,A K 48 G,-0.2,0.947867298578,T,O,-0.2,A,G,48,K,0.094538,0.0208271
719,537,1STN,A K 49 A,0.3,0.691943127962,T,O,0.3,A,A,49,K,0.0203812,0.0314148
720,538,1STN,A K 49 G,0.2,0.691943127962,T,O,0.2,A,G,49,K,0.0203812,0.0475167
721,673,1STN,A V 51 A,0.3,0.59375,S,O,0.3,A,A,51,V,0.0620345,0.0482784
722,674,1STN,A V 51 G,0.4,0.59375,S,O,0.4,A,G,51,V,0.0620345,0.00620657
723,675,1STN,A V 51 T,-0.2,0.59375,S,O,-0.2,A,T,51,V,0.0620345,0.052065
724,479,1STN,A E 52 A,0.1,0.218579234973, ,O,0.1,A,A,52,E,0.246276,0.0935901
725,480,1STN,A E 52 G,0.4,0.218579234973, ,O,0.4,A,G,52,E,0.246276,0.00867016
726,539,1STN,A K 53 A,0.2,0.739336492891,T,O,0.2,A,A,53,K,4.14836e-07,0.741908
727,540,1STN,A K 53 G,0.3,0.739336492891,T,O,0.3,A,G,53,K,4.14836e-07,0.000349142
728,696,1STN,A Y 54 A,2.2,0.192139737991,T,O,2.2,A,A,54,Y,0.0203518,0.0814966
729,697,1STN,A Y 54 F,0.5,0.192139737991,T,O,0.5,A,F,54,Y,0.0203518,0.00954365
730,698,1STN,A Y 54 G,1.9,0.192139737991,T,O,1.9,A,G,54,Y,0.0203518,0.00486624
731,699,1STN,A Y 54 L,3.4,0.192139737991,T,O,3.4,A,L,54,Y,0.0203518,0.0130145
732,607,1STN,A P 56 A,0.0,0.41958041958,H,H,0.0,A,A,56,P,0.000223016,0.0357286
733,608,1STN,A P 56 G,1.0,0.41958041958,H,H,1.0,A,G,56,P,0.000223016,0.0028695
734,481,1STN,A E 57 A,0.2,0.535519125683,H,H,0.2,A,A,57,E,0.0269538,0.00240874
735,482,1STN,A E 57 G,1.6,0.535519125683,H,H,1.6,A,G,57,E,0.0269538,3.81911e-05
736,450,1STN,A A 58 G,2.6,0.0,H,H,2.6,A,G,58,A,0.0482239,0.0117586
737,633,1STN,A S 59 A,-0.4,0.22131147541,H,H,-0.4,A,A,59,S,0.0564846,0.0834331
738,634,1STN,A S 59 G,1.1,0.22131147541,H,H,1.1,A,G,59,S,0.0564846,0.0270885
739,451,1STN,A A 60 G,1.4,0.513274336283,H,H,1.4,A,G,60,A,0.0465369,0.00316303
740,490,1STN,A F 61 A,2.3,0.270642201835,H,H,2.3,A,A,61,F,0.000189594,0.000229947
741,491,1STN,A F 61 G,4.8,0.270642201835,H,H,4.8,A,G,61,F,0.000189594,9.74174e-06
742,653,1STN,A T 62 A,2.4,0.00684931506849,H,H,2.4,A,A,62,T,0.0851261,0.0266976
743,654,1STN,A T 62 G,3.5,0.00684931506849,H,H,3.5,A,G,62,T,0.0851261,0.00248411
744,655,1STN,A T 62 V,0.2,0.00684931506849,H,H,0.2,A,V,62,T,0.0851261,0.028843
745,541,1STN,A K 63 A,0.5,0.42654028436,H,H,0.5,A,A,63,K,0.0498117,0.0300418
746,542,1STN,A K 63 G,1.5,0.42654028436,H,H,1.5,A,G,63,K,0.0498117,0.0412704
747,543,1STN,A K 64 A,-0.1,0.687203791469,H,H,-0.1,A,A,64,K,4.47452e-05,0.619687
748,544,1STN,A K 64 G,0.4,0.687203791469,H,H,0.4,A,G,64,K,4.47452e-05,0.000798237
749,582,1STN,A M 65 A,2.0,0.18137254902,H,H,2.0,A,A,65,M,0.00975803,0.0872403
750,583,1STN,A M 65 G,4.6,0.18137254902,H,H,4.6,A,G,65,M,0.00975803,0.0347243
751,676,1STN,A V 66 A,2.2,0.025,H,H,2.2,A,A,66,V,0.0178973,0.0358067
752,677,1STN,A V 66 G,4.4,0.025,H,H,4.4,A,G,66,V,0.0178973,0.026291
753,678,1STN,A V 66 T,1.4,0.025,H,H,1.4,A,T,66,V,0.0178973,0.0593251
754,483,1STN,A E 67 A,1.0,0.524590163934,H,H,1.0,A,A,67,E,0.000260068,4.06175e-06
755,484,1STN,A E 67 G,0.9,0.524590163934,H,H,0.9,A,G,67,E,0.000260068,1.48048e-07
756,595,1STN,A N 68 A,0.5,0.715189873418,T,O,0.5,A,A,68,N,0.0493572,0.0522961
757,596,1STN,A N 68 G,0.5,0.715189873418,T,O,0.5,A,G,68,N,0.0493572,0.00424716
758,452,1STN,A A 69 G,2.0,0.221238938053, ,O,2.0,A,G,69,A,0.000161502,1.56068e-06
759,545,1STN,A K 6 A,-0.3,1.17061611374, ,O,-0.3,A,A,6,K,0.0524121,0.097606
760,546,1STN,A K 6 G,-0.3,1.17061611374, ,O,-0.3,A,G,6,K,0.0524121,0.0467343
761,547,1STN,A K 70 A,0.1,0.848341232227,S,O,0.1,A,A,70,K,0.00219416,8.06797e-05
762,548,1STN,A K 70 G,0.5,0.848341232227,S,O,0.5,A,G,70,K,0.00219416,5.88432e-06
763,549,1STN,A K 71 A,0.4,0.663507109005, ,O,0.4,A,A,71,K,0.00164552,0.000564846
764,550,1STN,A K 71 G,1.1,0.663507109005, ,O,1.1,A,G,71,K,0.00164552,7.8015e-06
765,511,1STN,A I 72 A,5.1,0.0769230769231,E,S,5.1,A,A,72,I,5.92351e-06,0.240353
766,512,1STN,A I 72 V,1.8,0.0769230769231,E,S,1.8,A,V,72,I,5.92351e-06,8.77966e-05
767,485,1STN,A E 73 A,1.2,0.322404371585,E,S,1.2,A,A,73,E,0.0900934,0.0290183
768,486,1STN,A E 73 G,2.7,0.322404371585,E,S,2.7,A,G,73,E,0.0900934,0.022468
769,679,1STN,A V 74 A,3.1,0.0,E,S,3.1,A,A,74,V,7.83493e-15,1.17345e-06
770,680,1STN,A V 74 T,3.8,0.0,E,S,3.8,A,T,74,V,7.83493e-15,3.09136e-12
771,487,1STN,A E 75 A,2.2,0.0382513661202,E,S,2.2,A,A,75,E,0.145044,0.0602268
772,488,1STN,A E 75 G,3.5,0.0382513661202,E,S,3.5,A,G,75,E,0.145044,0.020976
773,492,1STN,A F 76 A,4.0,0.0733944954128,E,S,4.0,A,A,76,F,0.00636257,0.01091
774,493,1STN,A F 76 G,4.7,0.0733944954128,E,S,4.7,A,G,76,F,0.00636257,0.00304774
775,461,1STN,A D 77 A,3.1,0.0132450331126, ,O,3.1,A,A,77,D,0.00948957,0.00436624
776,462,1STN,A D 77 G,2.2,0.0132450331126, ,O,2.2,A,G,77,D,0.00948957,0.000865295
777,551,1STN,A K 78 A,0.6,0.644549763033,S,O,0.6,A,A,78,K,6.36561e-08,8.97265e-07
778,552,1STN,A K 78 G,1.1,0.644549763033,S,O,1.1,A,G,78,K,6.36561e-08,4.43998e-06
779,574,1STN,A L 7 A,1.6,0.25, ,O,1.6,A,A,7,L,4.26649e-05,0.439153
780,575,1STN,A L 7 G,1.5,0.25, ,O,1.5,A,G,7,L,4.26649e-05,0.00120545
781,617,1STN,A Q 80 A,0.1,0.661375661376, ,O,0.1,A,A,80,Q,0.0615371,0.0340013
782,618,1STN,A Q 80 G,1.4,0.661375661376, ,O,1.4,A,G,80,Q,0.0615371,0.0185197
783,625,1STN,A R 81 A,1.1,0.514522821577,S,O,1.1,A,A,81,R,6.48919e-07,1.45825e-06
784,626,1STN,A R 81 G,2.2,0.514522821577,S,O,2.2,A,G,81,R,6.48919e-07,0.999951
785,656,1STN,A T 82 A,0.9,0.541095890411,B,O,0.9,A,A,82,T,0.0131659,0.0224268
786,657,1STN,A T 82 G,2.0,0.541095890411,B,O,2.0,A,G,82,T,0.0131659,0.00286299
787,658,1STN,A T 82 V,-0.2,0.541095890411,B,O,-0.2,A,V,82,T,0.0131659,0.00108046
788,463,1STN,A D 83 A,3.8,0.23178807947, ,O,3.8,A,A,83,D,0.0104119,0.261566
789,464,1STN,A D 83 G,2.7,0.23178807947, ,O,2.7,A,G,83,D,0.0104119,0.676203
790,553,1STN,A K 84 A,-0.2,0.800947867299,T,O,-0.2,A,A,84,K,0.0458454,1.91725e-05
791,554,1STN,A K 84 G,0.3,0.800947867299,T,O,0.3,A,G,84,K,0.0458454,4.0491e-06
792,700,1STN,A Y 85 A,0.4,0.71615720524,T,O,0.4,A,A,85,Y,9.65946e-05,0.50254
793,701,1STN,A Y 85 F,0.0,0.71615720524,T,O,0.0,A,F,85,Y,9.65946e-05,0.000157811
794,702,1STN,A Y 85 G,1.0,0.71615720524,T,O,1.0,A,G,85,Y,9.65946e-05,0.0033806
795,703,1STN,A Y 85 L,0.1,0.71615720524,T,O,0.1,A,L,85,Y,9.65946e-05,7.11541e-05
796,627,1STN,A R 87 A,0.9,0.248962655602, ,O,0.9,A,A,87,R,0.00131371,0.000181113
797,628,1STN,A R 87 G,2.6,0.248962655602, ,O,2.6,A,G,87,R,0.00131371,2.88417e-05
798,576,1STN,A L 89 A,2.6,0.144444444444,E,S,2.6,A,A,89,L,9.91836e-05,0.529555
799,577,1STN,A L 89 G,3.2,0.144444444444,E,S,3.2,A,G,89,L,9.91836e-05,0.0103547
800,500,1STN,A H 8 A,0.4,0.587628865979, ,O,0.4,A,A,8,H,0.0125808,0.0458958
801,501,1STN,A H 8 G,0.8,0.587628865979, ,O,0.8,A,G,8,H,0.0125808,0.00763378
802,453,1STN,A A 90 G,2.0,0.0,E,S,2.0,A,G,90,A,0.000717169,0.000970841
803,704,1STN,A Y 91 A,5.3,0.0,E,S,5.3,A,A,91,Y,0.000180887,0.00246846
804,705,1STN,A Y 91 F,2.4,0.0,E,S,2.4,A,F,91,Y,0.000180887,0.000537724
805,706,1STN,A Y 91 L,3.9,0.0,E,S,3.9,A,L,91,Y,0.000180887,0.000976564
806,513,1STN,A I 92 A,4.0,0.00549450549451,E,S,4.0,A,A,92,I,0.0136111,0.00966393
807,514,1STN,A I 92 V,0.5,0.00549450549451,E,S,0.5,A,V,92,I,0.0136111,0.022801
808,707,1STN,A Y 93 F,2.0,0.0786026200873,E,S,2.0,A,F,93,Y,0.000820922,0.00106297
809,708,1STN,A Y 93 G,7.5,0.0786026200873,E,S,7.5,A,G,93,Y,0.000820922,0.0015618
810,709,1STN,A Y 93 L,4.5,0.0786026200873,E,S,4.5,A,L,93,Y,0.000820922,0.0126248
811,454,1STN,A A 94 G,2.4,0.0353982300885,E,S,2.4,A,G,94,A,1.95231e-05,4.16943e-10
812,465,1STN,A D 95 A,3.3,0.437086092715,T,O,3.3,A,A,95,D,0.023116,0.00966427
813,466,1STN,A D 95 G,2.7,0.437086092715,T,O,2.7,A,G,95,D,0.023116,0.000323803
814,555,1STN,A K 97 A,0.1,0.644549763033,E,S,0.1,A,A,97,K,0.0035477,0.547139
815,556,1STN,A K 97 G,1.7,0.644549763033,E,S,1.7,A,G,97,K,0.0035477,0.0208569
816,584,1STN,A M 98 A,4.6,0.0833333333333,E,S,4.6,A,A,98,M,0.00854467,1.33533e-06
817,585,1STN,A M 98 G,4.5,0.0833333333333,E,S,4.5,A,G,98,M,0.00854467,8.02163e-08
818,681,1STN,A V 99 A,3.2,0.00625,H,H,3.2,A,A,99,V,0.924144,1.24639e-05
819,682,1STN,A V 99 G,5.0,0.00625,H,H,5.0,A,G,99,V,0.924144,1.34399e-10
820,683,1STN,A V 99 T,3.3,0.00625,H,H,3.3,A,T,99,V,0.924144,0.0236252
821,557,1STN,A K 9 A,1.4,0.440758293839, ,O,1.4,A,A,9,K,0.00155672,1.28704e-08
822,558,1STN,A K 9 G,1.9,0.440758293839, ,O,1.9,A,G,9,K,0.00155672,1.38978e-08
823,710,1SUP,A N 76 D,-0.45,0.639240506329,S,O,-0.45,A,D,76,N,0.136109,0.433183
863,715,1WQ5,A P 132 A,1.05,0.426573426573, ,O,1.05162523901,A,A,132,P,0.000136144,0.00189607
864,716,1WQ5,A P 132 G,1.0,0.426573426573, ,O,1.0,A,G,132,P,0.000136144,0.000305895
865,717,1WQ5,A P 207 A,1.8,0.328671328671, ,O,1.8,A,A,207,P,0.0353451,0.292854
866,718,1WQ5,A P 28 A,2.5,0.391608391608,S,O,2.5,A,A,28,P,1.0,1.8222e-17
867,719,1WQ5,A P 28 G,1.6,0.391608391608,S,O,1.6,A,G,28,P,1.0,1.80742e-20
868,711,1WQ5,A E 49 A,0.3,0.00546448087432,E,S,0.3,A,A,49,E,0.199958,0.0229053
869,712,1WQ5,A E 49 G,1.7,0.00546448087432,E,S,1.7,A,G,49,E,0.199958,0.0106042
870,713,1WQ5,A E 49 Q,2.5,0.00546448087432,E,S,2.5,A,Q,49,E,0.199958,0.0495184
871,722,1WQ5,A P 96 A,2.13,0.013986013986, ,O,2.12715105163,A,A,96,P,0.385168,0.359797
873,726,1YCC,A N 52 A,-2.97,0.0822784810127,H,H,-2.97,A,A,52,N,0.17193,0.0405503
874,723,1YCC,A K 73 A,0.45,0.824644549763,H,H,0.45,A,A,73,K,0.00496761,0.00047398
875,724,1YCC,A K 73 G,0.74,0.824644549763,H,H,0.74,A,G,73,K,0.00496761,2.56111e-05
876,725,1YCC,A L 85 A,2.8,0.0222222222222, ,O,2.8,A,A,85,L,0.0246493,0.049253
877,992,200L,A A 121 L,-2.3,0.0,H,H,2.3,A,L,121,A,0.685687,0.000167105
878,782,219L,A N 163 D,0.21,1.10126582278,T,O,0.21,A,D,163,N,0.127912,0.0729808
879,993,227L,A A 104 F,-3.1,0.41592920354,H,H,3.1,A,F,104,A,0.0476376,0.1954
880,994,235L,A A 111 V,-1.3,0.00884955752212,H,H,1.3,A,V,111,A,0.0273035,0.0309919
881,995,236L,A A 87 V,-1.7,0.0,H,H,1.7,A,V,87,A,0.0060936,0.0231851
882,996,237L,A A 149 V,-3.2,0.0,H,H,3.2,A,V,149,A,0.0069418,0.432773
883,997,238L,A A 103 V,-2.2,0.0530973451327,H,H,2.2,A,V,103,A,0.00652275,0.307724
884,998,239L,A A 17 I,-2.7,0.12389380531,E,S,2.7,A,I,17,A,0.00325088,0.422769
885,999,240L,A A 27 I,-3.1,0.0,E,S,3.1,A,I,27,A,0.029133,2.93062e-05
886,1000,241L,A A 29 I,-2.6,0.0176991150442,T,O,2.6,A,I,29,A,0.180371,0.00222451
887,1001,242L,A A 50 I,-2.0,0.247787610619,H,H,2.0,A,I,50,A,0.126781,0.00572748
888,1002,243L,A A 58 I,-3.2,0.0265486725664, ,O,3.2,A,I,58,A,0.00291642,0.367526
889,1003,244L,A A 100 I,-3.4,0.0176991150442,H,H,3.4,A,I,100,A,0.0355363,0.000413025
890,1004,246L,A A 67 F,-1.9,0.070796460177,H,H,1.9,A,F,67,A,0.0011001,0.000626754
891,1005,247L,A A 84 L,-3.9,0.0619469026549,H,H,3.9,A,L,84,A,0.00101594,0.52504
892,1006,253L,A A 20 D,-0.3,0.256637168142, ,O,0.3,A,D,20,A,0.0371321,0.304849
893,872,2BQA,A I 106 V,0.98,0.0659340659341,G,H,0.979923518164,A,V,106,I,0.993046,0.00502484
894,875,2BQA,A V 110 A,-0.07,0.4875,H,H,-0.0717017208413,A,A,110,V,0.0715398,0.0443002
895,876,2BQA,A V 121 A,1.75,0.1125, ,O,1.7447418738,A,A,121,V,0.147531,0.00165939
896,877,2BQA,A V 125 A,1.6,0.16875,T,O,1.6013384321200002,A,A,125,V,0.699241,6.05914e-05
897,869,2BQA,A I 23 V,0.41,0.0604395604396,B,O,0.406309751434,A,V,23,I,0.466094,0.291134
898,873,2BQA,A V 2 A,1.51,0.61875,B,O,1.5057361376700003,A,A,2,V,0.189533,0.00418018
899,870,2BQA,A I 56 V,1.34,0.00549450549451,T,O,1.33843212237,A,V,56,I,0.963192,0.0279646
900,874,2BQA,A V 74 A,0.43,0.56875, ,O,0.430210325048,A,A,74,V,0.0104686,0.0897031
901,871,2BQA,A I 89 V,0.65,0.0384615384615, ,O,0.6453154875720001,A,V,89,I,0.919314,0.0800731
902,87,2CI2,I K 21 A,0.55,0.383886255924, ,O,0.55,I,A,21,K,1.35134e-06,1.76368e-10
903,88,2CI2,I T 22 A,0.85,0.397260273973, ,O,0.85,I,A,22,T,0.0260047,0.0105972
904,89,2CI2,I T 22 G,1.16,0.397260273973, ,O,1.16,I,G,22,T,0.0260047,0.00231972
905,90,2CI2,I T 22 V,0.32,0.397260273973, ,O,0.32,I,V,22,T,0.0260047,0.0134965
906,91,2CI2,I P 25 A,1.57,0.454545454545,G,H,1.57,I,A,25,P,0.00526804,0.049798
907,92,2CI2,I E 26 A,0.47,0.486338797814,G,H,0.47,I,A,26,E,0.0215885,0.0719239
908,149,2CI2,I E 26 Q,0.62,0.486338797814,G,H,0.62,I,Q,26,E,0.0215885,0.00704346
909,93,2CI2,I L 27 A,2.68,0.00555555555556,G,H,2.68,I,A,27,L,0.022704,0.0199459
910,94,2CI2,I K 30 A,-0.42,0.383886255924,S,O,-0.42,I,A,30,K,8.17032e-05,4.23842e-06
911,96,2CI2,I S 31 A,0.89,0.147540983607,B,O,0.89,I,A,31,S,0.0286521,0.0145406
912,95,2CI2,I S 31 G,0.8,0.147540983607,B,O,0.8,I,G,31,S,0.0286521,0.00184559
913,97,2CI2,I A 35 G,1.09,0.0,H,H,1.09,I,G,35,A,0.0380939,0.00148611
914,98,2CI2,I K 36 A,0.49,0.45971563981,H,H,0.49,I,A,36,K,0.000585887,0.000457419
915,99,2CI2,I K 36 G,2.32,0.45971563981,H,H,2.32,I,G,36,K,0.000585887,0.990408
916,101,2CI2,I K 37 A,-0.21,0.630331753555,H,H,-0.21,I,A,37,K,0.0485595,0.0680471
917,100,2CI2,I K 37 G,0.99,0.630331753555,H,H,0.99,I,G,37,K,0.0485595,0.00274868
918,102,2CI2,I V 38 A,0.49,0.30625,H,H,0.49,I,A,38,V,0.0718761,0.0488762
919,103,2CI2,I I 39 V,1.3,0.0,H,H,1.3,I,V,39,I,0.00660593,0.0151647
920,105,2CI2,I L 40 A,1.33,0.427777777778,H,H,1.33,I,A,40,L,0.0307903,0.0655204
921,104,2CI2,I L 40 G,2.1,0.427777777778,H,H,2.09,I,G,40,L,0.0307903,0.0298725
922,106,2CI2,I Q 41 A,0.02,0.804232804233,H,H,0.02,I,A,41,Q,0.0113948,0.0678768
923,107,2CI2,I Q 41 G,0.6,0.804232804233,H,H,0.6,I,G,41,Q,0.0113948,0.0664837
924,108,2CI2,I D 42 A,0.96,0.46357615894,H,H,0.96,I,A,42,D,0.139954,0.0228278
925,109,2CI2,I K 43 A,0.65,0.0379146919431, ,O,0.65,I,A,43,K,0.208691,0.0264308
926,110,2CI2,I K 43 G,3.19,0.0379146919431, ,O,3.19,I,G,43,K,0.208691,0.0117032
927,111,2CI2,I P 44 A,1.76,0.72027972028,T,O,1.76,I,A,44,P,0.00175804,0.02422
928,112,2CI2,I E 45 A,0.32,0.530054644809,T,O,0.32,I,A,45,E,0.184065,0.0838081
929,114,2CI2,I I 48 A,3.9,0.214285714286,E,S,3.84,I,A,48,I,0.0670636,0.000177548
930,113,2CI2,I I 48 V,1.11,0.214285714286,E,S,1.11,I,V,48,I,0.0670636,0.828198
931,116,2CI2,I I 49 A,2.12,0.39010989011,E,S,2.12,I,A,49,I,0.321484,0.00451915
932,117,2CI2,I I 49 G,3.52,0.39010989011,E,S,3.52,I,G,49,I,0.321484,0.000343116
933,115,2CI2,I I 49 V,-0.08,0.39010989011,E,S,-0.08,I,V,49,I,0.321484,0.317683
934,118,2CI2,I L 51 A,2.37,0.216666666667,E,S,2.37,I,A,51,L,0.0127783,0.016418
935,150,2CI2,I P 52 A,0.17,0.552447552448,E,S,0.17,I,A,52,P,3.94251e-06,3.52256e-06
936,120,2CI2,I V 53 A,0.64,0.46875,T,O,0.64,I,A,53,V,0.00166562,0.00158781
937,121,2CI2,I V 53 G,2.43,0.46875,T,O,2.43,I,G,53,V,0.00166562,0.00309806
938,119,2CI2,I V 53 T,1.03,0.46875,T,O,1.03,I,T,53,V,0.00166562,0.0300242
939,124,2CI2,I T 55 A,-0.23,0.397260273973, ,O,-0.23,I,A,55,T,0.0665407,0.01639
940,122,2CI2,I T 55 S,0.02,0.397260273973, ,O,0.02,I,S,55,T,0.0665407,0.033945
941,123,2CI2,I T 55 V,0.76,0.397260273973, ,O,0.76,I,V,55,T,0.0665407,0.00673037
942,125,2CI2,I I 56 A,0.03,0.901098901099, ,O,0.03,I,A,56,I,5.7507e-06,0.000177568
943,126,2CI2,I V 57 A,1.47,0.3625, ,O,1.47,I,A,57,V,0.00347226,0.0196664
944,127,2CI2,I T 58 A,0.72,0.732876712329, ,O,0.69,I,A,58,T,0.00304827,5.22706e-06
945,128,2CI2,I E 60 A,0.7,0.535519125683, ,O,0.7,I,A,60,E,0.204787,0.0294813
946,129,2CI2,I R 62 A,0.58,0.477178423237, ,O,0.58,I,A,62,R,4.65077e-09,0.000155308
947,130,2CI2,I D 64 A,0.8,0.245033112583,T,O,0.8,I,A,64,D,0.000844613,0.00113617
966,749,2LZM,A V 103 A,1.91,0.05,H,H,1.91,A,A,103,V,0.798023,0.000210565
967,785,2LZM,A Q 105 A,0.6,0.312169312169,H,H,0.6,A,A,105,Q,0.0569811,0.0348841
968,786,2LZM,A Q 105 E,1.1,0.312169312169,H,H,1.1,A,E,105,Q,0.0569811,0.256583
969,743,2LZM,A Q 105 G,3.11,0.312169312169,H,H,3.11,A,G,105,Q,0.0569811,0.00200787
970,781,2LZM,A N 116 D,-0.6,0.556962025316,H,H,-0.6,A,D,116,N,0.0662126,0.252355
971,753,2LZM,A E 11 A,-1.1,0.196721311475,H,H,-1.1,A,A,11,E,0.3265,0.00317829
972,744,2LZM,A Q 123 E,-0.4,0.52380952381,H,H,-0.4,A,E,123,Q,0.106469,0.294675
973,734,2LZM,A K 124 G,0.1,0.454976303318,T,O,0.1,A,G,124,K,0.310561,0.0666065
974,754,2LZM,A E 128 A,0.16,0.524590163934,H,H,-0.16,A,A,128,E,0.360975,0.0866817
975,802,2LZM,A V 131 A,-0.39,0.5625,H,H,-0.39,A,A,131,V,0.0386379,0.0676545
976,803,2LZM,A V 131 G,0.68,0.5625,H,H,0.68,A,G,131,V,0.0386379,0.0106161
977,804,2LZM,A V 131 T,0.12,0.5625,H,H,0.12,A,T,131,V,0.0386379,0.0847237
978,768,2LZM,A L 133 A,4.3,0.00555555555556,H,H,4.3,A,A,133,L,0.498358,0.00251202
979,738,2LZM,A N 144 D,-0.5,0.696202531646,H,H,-0.5,A,D,144,N,0.0615835,0.295447
980,750,2LZM,A V 149 A,2.87,0.0,H,H,2.87,A,A,149,V,0.815527,1.82841e-05
981,794,2LZM,A T 152 S,2.6,0.0,H,H,2.6,A,S,152,T,0.128981,0.0120655
982,795,2LZM,A T 157 A,0.5,0.335616438356,S,O,0.5,A,A,157,T,0.492333,0.00587622
983,796,2LZM,A T 157 G,1.1,0.335616438356,S,O,1.1,A,G,157,T,0.492333,0.00305754
984,797,2LZM,A T 157 S,0.66,0.335616438356,S,O,0.66,A,S,157,T,0.492333,0.0580517
985,798,2LZM,A T 157 V,1.2,0.335616438356,S,O,1.2,A,V,157,T,0.492333,0.00485515
986,751,2LZM,A Y 25 G,4.55,0.144104803493,E,S,4.55,A,G,25,Y,0.606119,9.07634e-07
987,741,2LZM,A P 37 A,0.0,0.846153846154,S,O,0.0,A,A,37,P,0.179694,0.122906
988,730,2LZM,A I 3 A,0.7,0.10989010989,H,H,0.7,A,A,3,I,0.476682,0.000889198
989,731,2LZM,A I 3 G,2.1,0.10989010989,H,H,2.1,A,G,3,I,0.476682,9.00899e-05
990,732,2LZM,A I 3 T,2.3,0.10989010989,H,H,2.3,A,T,3,I,0.476682,0.0170815
991,733,2LZM,A I 3 V,0.4,0.10989010989,H,H,0.4,A,V,3,I,0.476682,0.300857
992,740,2LZM,A N 55 G,0.6,0.772151898734,T,O,0.6,A,G,55,N,0.14051,0.354562
993,742,2LZM,A P 86 G,1.91,0.370629370629,H,H,1.91,A,G,86,P,0.754955,0.00117589
994,714,2WSY,A F 22 L,1.05,0.0550458715596,E,S,1.05,A,L,22,F,0.257451,0.00896419
995,407,3HHR,A S 71 A,0.97,0.245901639344, ,O,0.97,A,A,71,S,0.728894,0.0316263
996,405,3HHR,A E 74 A,0.49,0.360655737705,H,H,0.49,A,A,74,E,0.169705,0.01059
997,406,3HHR,A E 74 Q,0.18,0.360655737705,H,H,0.18,A,Q,74,E,0.169705,0.062327
998,815,4LYZ,A D 101 A,-0.76,0.662251655629,T,O,-0.76,A,A,101,D,0.0626273,0.0571387
999,816,4LYZ,A D 101 G,-0.45,0.662251655629,T,O,-0.45,A,G,101,D,0.0626273,0.00955751
1000,817,4LYZ,A D 101 N,-0.04,0.662251655629,T,O,-0.04,A,N,101,D,0.0626273,0.0405231
1001,818,4LYZ,A I 55 A,4.4,0.021978021978,T,O,4.4,A,A,55,I,0.762276,1.50775e-05
1002,819,4LYZ,A I 55 T,4.96,0.021978021978,T,O,4.96,A,T,55,I,0.762276,0.00118768
1003,820,4LYZ,A I 55 V,0.91,0.021978021978,T,O,0.91,A,V,55,I,0.762276,0.232793
1004,821,4LYZ,A S 91 A,0.15,0.00819672131148,H,H,0.15,A,A,91,S,0.0966889,0.135685
